{"p": {"x1": [0.5635992557576219, 0.3774460819358165, 0.1688791534301578, 0.08056351874801854, 0.06985316230652111], "x2": [-0.44201214974761893, 0.43652302594438047, -0.25828614366374686, 0.2155520275170148, 0.029974949828238333]}}