,time (s),Signal (V)
0,0.0,0.000226964
1,0.29139423400192754,0.0001573
2,0.5810956960049225,0.000104053
3,0.8679013260043575,7.0058e-05
4,1.1575055130015244,4.693e-05
5,1.445491791004315,3.055e-05
6,1.7327265740022995,1.9214e-05
7,2.022217751000426,1.1638e-05
8,2.3141636850050418,7.072e-06
9,2.603264809004031,3.64e-06
10,2.8938546190038323,9.67e-07
11,3.184732914000051,5.111e-06
12,3.472704888001317,7.031e-06
13,3.761678695998853,7.149e-06
14,4.052038193003682,6.015e-06
15,4.342014790003304,5.531e-06
16,4.630977154003631,7.187e-06
17,4.918067456004792,8.259e-06
18,5.208572388000903,8.433e-06
19,5.496719838003628,9.111e-06
20,5.786366462998558,9.486e-06
21,6.0751795770047465,8.841e-06
22,6.366206646001956,7.645e-06
23,6.655307293003716,6.483e-06
24,6.938597202999517,6.274e-06
25,7.225100518000545,7.215e-06
26,7.514954090998799,7.992e-06
27,7.805424691003282,7.329e-06
28,8.10091352499876,6.154e-06
29,8.390100955999515,5.414e-06
30,8.681335927001783,4.641e-06
31,8.976770401000977,4.673e-06
32,9.263382435005042,7.021e-06
33,9.551201820999268,8.656e-06
34,9.83907937999902,8.867e-06
35,10.125952720998612,8.478e-06
36,10.41325044700352,8.2e-06
37,10.700295449001715,7.357e-06
38,10.985903740001959,6.103e-06
39,11.26887083100155,5.045e-06
40,11.558345795005152,4.915e-06
41,11.849104881999665,5.281e-06
42,12.133508206003171,5.589e-06
43,12.4242291460032,6.811e-06
44,12.714696408002055,7.548e-06
45,13.005325794998498,6.515e-06
46,13.293543815998419,5.531e-06
47,13.582673073004116,5.411e-06
48,13.873864651002805,4.714e-06
49,14.165360928003793,3.824e-06
50,14.45204162599839,3.351e-06
51,14.742210864998924,3.59e-06
52,15.032082557998365,4.513e-06
53,15.320312977004505,4.693e-06
54,15.611736775004829,2.901e-06
55,15.901346684004238,1.6e-07
56,16.190125943001476,1.353e-06
57,16.47849607500393,1.044e-06
58,16.762617111999134,2.356e-06
59,17.0492863660038,3.714e-06
60,17.33406925199961,3.667e-06
61,17.622233391004556,4.769e-06
62,17.910830975000863,6.853e-06
63,18.19460582800093,7.4e-06
64,18.47913646700181,6.25e-06
65,18.760666371003026,6.227e-06
66,19.040900231004343,7.414e-06
67,19.32703351999953,8.08e-06
68,19.612270356003137,8.783e-06
69,19.897627831000136,8.98e-06
70,20.184691906004446,6.993e-06
71,20.472867488999327,3.754e-06
72,20.760694026997953,2.386e-06
73,21.047584534004272,4.025e-06
74,21.33559322400106,5.827e-06
75,21.621921063000627,6.688e-06
76,21.909151077998104,5.129e-06
77,22.196459771002992,2.853e-06
78,22.4830517770024,2.01e-06
79,22.769583703004173,3.067e-06
80,23.054001331998734,5.337e-06
81,23.355234622998978,6.483e-06
82,23.645518303004792,6.301e-06
83,23.932846547002555,4.616e-06
84,24.218029976000253,3.372e-06
85,24.503026963000593,4.76e-06
86,24.791308403000585,5.166e-06
87,25.078473091998603,4.046e-06
88,25.368310452002333,2.434e-06
89,25.65486097399844,1.144e-06
90,25.942655564002052,1.03e-06
91,26.230815888004145,1.017e-06
92,26.518847942999855,1.458e-06
93,26.805360794998705,1.627e-06
94,27.09186554000189,4.14e-07
95,27.379646302004403,2.461e-06
96,27.666843415005133,3.565e-06
97,27.953970433001814,3.871e-06
98,28.242836475998047,3.454e-06
99,28.53008127299836,3.547e-06
100,28.817628861004778,4.912e-06
101,29.10535860100208,6.248e-06
102,29.3918409350008,6.964e-06
103,29.682125569001073,6.602e-06
104,29.970778465998592,6.165e-06
105,30.25889778200508,6.781e-06
106,30.54695415500464,7.585e-06
107,30.83515930199792,7.961e-06
108,31.1231431970009,7.154e-06
109,110.07321071700426,0.000104684
110,110.36465787899942,0.000441285
111,110.65322733000357,0.000934859
112,110.94399213800352,0.00141573
113,111.29219818200363,0.001802771
114,111.57933187500021,0.002074025
115,111.86352491399884,0.002239061
116,112.15116930100339,0.002321133
117,112.44172048600012,0.002348014
118,112.73190784500184,0.002342981
119,113.02240228700248,0.00232243
120,113.31381940899882,0.002298616
121,113.60343504000048,0.002279496
122,113.8914427760028,0.002268367
123,114.17781734500022,0.002264025
124,114.46904325500509,0.002264375
125,114.7597427369983,0.002268164
126,115.04907655800343,0.002273386
127,115.33859443700203,0.0022789
128,115.62793064200378,0.002284634
129,115.91748952899798,0.002290316
130,116.21064663000288,0.002294844
131,116.50033235600131,0.00229729
132,116.79025602400361,0.002298865
133,117.07783365299838,0.002300653
134,117.36809539800015,0.002301998
135,117.65782499399938,0.002303104
136,117.94580173500435,0.00230338
137,118.23783016300149,0.002302308
138,118.52042722699844,0.00230166
139,118.81015157700313,0.00230183
140,119.09875965199899,0.002302877
141,119.387385369002,0.002305126
142,119.67033720100153,0.002308517
143,119.95960283299792,0.002313103
144,120.24651241300307,0.002318162
145,120.59314680100215,0.002323436
146,120.94512844100245,0.002328311
147,121.2372097970001,0.002331431
148,121.52230787300505,0.002332065
149,121.81000709599903,0.002329998
150,122.10041856799944,0.00232611
151,122.39055347500107,0.002321154
152,122.6767225270014,0.002315466
153,122.96394205099932,0.002310765
154,123.27316141199844,0.002308575
155,123.5621385580016,0.002308775
156,123.85204601300211,0.002311237
157,124.14038753600471,0.002315681
158,124.43045139400056,0.002321075
159,124.71805429500091,0.002328019
160,125.0009641650031,0.002337281
161,125.32246923500497,0.002347711
162,125.61301517500397,0.002357814
163,125.9016661650021,0.002365859
164,126.18849611299811,0.002370602
165,126.47764062900387,0.002372359
166,126.76908826900035,0.002373201
167,127.05981779099966,0.002375052
168,127.34677791599825,0.002377324
169,127.63684511199972,0.002378962
170,127.92588281699864,0.002379697
171,128.21009826700174,0.002379057
172,128.49086046300363,0.002378137
173,128.80760336000094,0.002377569
174,129.09653186800278,0.002375627
175,129.38644981400284,0.002371208
176,129.66817617500055,0.00236474
177,129.95323133499915,0.002357758
178,130.24122238199925,0.002352259
179,130.52968740500364,0.002349261
180,130.8125877390048,0.002347408
181,131.1488270760019,0.002345779
182,131.44031810800516,0.002344389
183,131.7290449150023,0.00234282
184,132.01775360199827,0.002341282
185,132.30882835399825,0.002339421
186,132.59715652500017,0.00233622
187,132.88464593900426,0.002332236
188,133.1724982270025,0.002329077
189,133.462164878998,0.002325704
190,133.75336885500292,0.002320996
191,134.0445761689989,0.002316263
192,134.33416461999877,0.002312605
193,134.62256336300197,0.002310641
194,134.91483783800504,0.00231003
195,135.19901847900474,0.002309892
196,135.48329544100125,0.002308935
197,135.77127695100353,0.002306231
198,136.0582623490045,0.002303773
199,136.35273885800416,0.002303657
200,136.6379508980026,0.002305293
201,136.9214372639981,0.002307609
202,137.22249031100364,0.002310286
203,137.50597238600312,0.002313186
204,137.7928910260016,0.002316399
205,138.0792751320041,0.002319745
206,138.3657817850035,0.002323193
207,138.64603853299923,0.002326599
208,138.9304823880011,0.00232922
209,139.2166438109998,0.002330705
210,139.49717617100396,0.002330175
211,139.78341102600098,0.002328045
212,140.06449270300072,0.002326775
213,140.34597635300452,0.002326158
214,140.63399601000128,0.002324383
215,140.9211535459981,0.002321105
216,141.2105031020037,0.002317971
217,141.498914718999,0.002316955
218,141.78698206000263,0.002317612
219,222.0743007659985,0.002317404
220,222.35720300699904,0.002313539
221,222.63997411799937,0.002307225
222,222.92807674500364,0.002301394
223,223.21206712799903,0.00229559
224,223.4975523950052,0.002289957
225,223.7863264090047,0.002287717
226,224.0725865370041,0.002289627
227,224.35258340900327,0.002293606
228,224.631214619003,0.00229917
229,224.91189813700475,0.002306148
230,225.18889617999957,0.002313577
231,225.46789550800167,0.002320489
232,225.74489736599935,0.00232598
233,226.02589845700277,0.00232908
234,226.30421781600307,0.002327958
235,226.58136367800034,0.002322719
236,226.8586239819997,0.002316422
237,227.1670250899988,0.002311384
238,227.44599628500146,0.002308801
239,227.72559452099813,0.002309327
240,228.04647350400046,0.002312266
241,228.3272461900051,0.00231655
242,228.6068773270017,0.002321277
243,228.8864922530047,0.002325188
244,229.16751241699967,0.002328799
245,229.44748592399992,0.002333336
246,229.72943496800144,0.00233853
247,230.0098028190041,0.002343832
248,230.29288005900162,0.002348471
249,230.5736370090017,0.002351244
250,230.85321664900403,0.002350622
251,231.13390588800394,0.002346689
252,231.41344499600382,0.002342513
253,231.69644785000128,0.002340706
254,231.9995055200052,0.002340452
255,232.28722334000486,0.002340618
256,232.57831478200387,0.002341334
257,232.86387539000134,0.002342506
258,233.15414714899816,0.002343937
259,233.44509697000467,0.002343982
260,233.73399353100103,0.002341117
261,234.0244951249988,0.002336518
262,234.3134827620015,0.002331132
263,234.60208368299936,0.002325052
264,234.89691925100487,0.002319779
265,235.18699121499958,0.002316384
266,235.4699935919998,0.002313575
267,235.76599502599856,0.002310085
268,236.07399273000192,0.002307075
269,236.36203289100376,0.002306099
270,236.644881248998,0.002306837
271,236.9363641739983,0.002308205
272,237.22385978700186,0.002309618
273,237.5140795710031,0.002311097
274,237.7986817359997,0.002313769
275,238.08890867300215,0.002317677
276,238.37950754199846,0.002321622
277,238.66811132500152,0.002325635
278,238.95610380200378,0.00232902
279,239.24859809900227,0.002330822
280,239.53705501600052,0.00233131
281,239.82561206899845,0.002330544
282,240.11529970200354,0.002328832
283,240.40396928800328,0.002327507
284,240.69437074699817,0.002326669
285,240.98561477700423,0.002325696
286,241.27609539100376,0.002325145
287,241.56214380299934,0.002324477
288,241.85062122400268,0.002322539
289,242.14231824900344,0.002321013
290,242.43246936800278,0.002321015
291,242.72254133300157,0.00232079
292,243.01009845799854,0.002319798
293,243.29773902900342,0.002319574
294,243.58825922100368,0.002320879
295,243.87905406999926,0.002322161
296,244.1661915779987,0.002321843
297,244.45648336500017,0.00232036
298,244.74262428300426,0.002319538
299,245.0314559940016,0.002320246
300,245.3222565660035,0.002321592
301,245.61244201700174,0.002321845
302,245.90367555700504,0.002319921
303,246.19541931200365,0.002317018
304,246.4831566819994,0.002315321
305,246.77026558000216,0.002315384
306,247.06011295400094,0.002316648
307,247.35019016300066,0.002318493
308,247.64024543800042,0.002320235
309,247.93005561899918,0.002321397
310,248.21602916800475,0.002322029
311,248.5073795319986,0.002323456
312,248.79928255100094,0.002326326
313,249.0896930700037,0.002329166
314,249.37289190300362,0.002330561
315,249.66012239499833,0.002330686
316,249.95335817400337,0.002331093
317,250.2419724470019,0.002332977
318,250.5303983690028,0.002335546
319,250.82112884600065,0.0023387
320,251.10880756400002,0.002342402
321,251.39669418400445,0.00234484
322,251.68529081399902,0.002345534
323,251.97429656999884,0.002344374
324,252.26145458300016,0.002341894
325,252.55366706899804,0.002340692
326,252.8424425129997,0.002341129
327,253.12116670700198,0.002341869
328,253.41063213400048,0.002343208
329,332.44955253600347,0.002344185
330,332.73983240200323,0.002342264
331,333.02691269000206,0.002337732
332,333.3166446690011,0.002333365
333,333.6044178010052,0.002330997
334,333.8951659209997,0.002330059
335,334.1865711220016,0.002328303
336,334.47583818500425,0.00232491
337,334.7646813399988,0.002320394
338,335.0545506480048,0.002315636
339,335.3436546330049,0.00231167
340,335.6360664370004,0.002309157
341,335.9239521030031,0.002308841
342,336.2142210009988,0.002310965
343,336.5034899720049,0.002315219
344,336.7925796510026,0.002319468
345,337.0807647710026,0.002321337
346,337.36994552700344,0.002321517
347,337.6567378050022,0.002320627
348,337.94645595600014,0.002317437
349,338.2344684609998,0.002312286
350,338.5246601110048,0.002306608
351,338.811977864003,0.002300978
352,339.1028385169993,0.002297208
353,339.393364430005,0.002297512
354,339.676333428004,0.00230039
355,339.96274757399806,0.002302954
356,340.2510533340028,0.002305557
357,340.5371456150024,0.002309205
358,340.82221698800276,0.002312827
359,341.1073517800032,0.002315799
360,341.39309692400275,0.002318163
361,341.6813125609988,0.002319952
362,341.968467712999,0.002321156
363,342.2532167440004,0.002322102
364,342.5376520159989,0.002325034
365,342.8240652090026,0.002330885
366,343.1094317440002,0.002338643
367,343.3942360880028,0.002348242
368,343.68520879800053,0.002358634
369,343.97279453300143,0.002367672
370,344.25996589699935,0.002373878
371,344.55158662800386,0.002376857
372,344.83938503300305,0.002377803
373,345.1277680400017,0.002378719
374,345.4164762500004,0.002380502
375,345.7041320810022,0.002381425
376,345.9936547280013,0.002380571
377,346.286062717998,0.002380261
378,346.5702099800037,0.002382061
379,346.857722282999,0.002385972
380,347.14477110000007,0.00239248
381,347.43779230200016,0.002401336
382,347.7255964280048,0.002409694
383,348.0134749420031,0.002414999
384,348.3040194519999,0.00241763
385,348.5924425129997,0.002417892
386,348.88000011500117,0.002414659
387,349.16993951800396,0.002408303
388,349.4569377900043,0.002400852
389,349.74667883000075,0.002393538
390,350.03582429900416,0.00238734
391,350.3259034160001,0.002383035
392,350.61765384700266,0.002379787
393,350.9075279239987,0.002375828
394,351.1975636490024,0.002370584
395,351.4873585710011,0.002365585
396,351.77964353599964,0.002362272
397,352.0691099169999,0.002361081
398,352.3590455060039,0.002362485
399,352.64969348999875,0.002365811
400,352.9374299050032,0.002369768
401,353.22617197100044,0.002374166
402,353.5163946160028,0.002378173
403,353.8063268670012,0.002381124
404,354.0932464600046,0.002384396
405,354.39854145100253,0.002388065
406,354.6871957780022,0.0023898
407,354.9760322580041,0.002389317
408,355.265326024004,0.002388821
409,355.5542459490025,0.002388964
410,355.844148158998,0.002389283
411,356.13207197200245,0.002389713
412,356.4224777230047,0.00238963
413,356.7083005910026,0.002388371
414,356.9965543750004,0.002386505
415,357.2854127890023,0.002385571
416,357.57372760800354,0.002385581
417,357.86360502299794,0.002384285
418,358.1555333139986,0.002381641
419,358.44434976600314,0.002380054
420,358.73463010800333,0.002379024
421,359.0261764530005,0.002377645
422,359.315834523004,0.002376296
423,359.60674953499984,0.002373624
424,359.89434242300194,0.002369801
425,360.1835918430006,0.002366824
426,360.472929001,0.002364874
427,360.7624659540015,0.002363566
428,361.0541582110018,0.002363293
429,361.34320926700457,0.00236311
430,361.6310315139999,0.002361671
431,361.92058944699966,0.002359255
432,362.2068428999992,0.002357459
433,362.4921207430016,0.002357279
434,362.7810440070025,0.002358253
435,363.07031440800347,0.00235987
436,363.35572195100394,0.002360874
437,363.64324808200035,0.002360285
438,363.9331040390025,0.002358374
439,444.67402362899884,0.002355619
440,444.9622449880044,0.002351127
441,445.2509827620015,0.002344149
442,445.53112030099874,0.002336542
443,445.81912326900056,0.002329836
444,446.10212278400286,0.002323465
445,446.382524491004,0.002316882
446,446.6871180540038,0.002311353
447,446.9733424189981,0.002308722
448,447.2604436879992,0.002308309
449,447.5444664960014,0.002307599
450,447.832294464999,0.002305637
451,448.1200265890002,0.002302739
452,448.4072847370044,0.002299809
453,448.69950914400397,0.002297901
454,448.9812912950001,0.002297069
455,449.2661018380022,0.002297204
456,449.55776357700233,0.00229692
457,449.8471255309996,0.002294497
458,450.137385369002,0.002291917
459,450.42698288000247,0.002291477
460,450.7175574310022,0.002291893
461,451.0057864190021,0.002291547
462,451.2923870090017,0.002289848
463,451.5815052990001,0.002286928
464,451.86415720000514,0.002283822
465,452.15206336999836,0.002281931
466,452.4380431180034,0.002281854
467,452.72734451300494,0.002281284
468,453.0141639709982,0.002278645
469,453.3025627140014,0.002275942
470,453.59325170599914,0.002272426
471,453.88027048200456,0.002266613
472,454.169382095999,0.00226108
473,454.4565248490035,0.002257303
474,454.7470994000032,0.002254676
475,455.0379195220012,0.002253155
476,455.32049942100275,0.002253019
477,455.6043381700001,0.002254104
478,455.89037656800065,0.002255408
479,456.1779036529988,0.002255831
480,456.4634494790007,0.002255202
481,456.7522945410019,0.002253755
482,457.03506374399876,0.002253652
483,457.31983518600464,0.002256747
484,457.6072936060009,0.002260635
485,457.8918476110048,0.002263188
486,458.1771464350022,0.002265329
487,458.46693992699875,0.002267664
488,458.7574439050004,0.002269264
489,459.0441780090041,0.00226952
490,459.32559347200004,0.002268196
491,459.609964371004,0.00226556
492,459.8914680489979,0.002262663
493,460.17786598300154,0.00225955
494,460.4669508939987,0.002256292
495,460.7547197349995,0.002253682
496,461.0397834780015,0.002252258
497,461.3255543710038,0.002251413
498,461.6148452760026,0.002249832
499,461.8957538610048,0.00224874
500,462.18613910700515,0.002249273
501,462.47155857100006,0.002250009
502,462.75742006300425,0.002250149
503,463.0444574360008,0.00225061
504,463.32943153400265,0.00225159
505,463.6169557579997,0.002251524
506,463.9053893090022,0.002250944
507,464.19019889899937,0.002250603
508,464.4745359430017,0.002249157
509,464.76364374200057,0.002247499
510,465.05185175000224,0.002248258
511,465.34197855000093,0.00225245
512,465.62748766000004,0.002258196
513,465.91250181200303,0.002263995
514,466.1999607090038,0.00227023
515,466.48653268899943,0.002275766
516,466.7672438630034,0.002278735
517,467.0535340310016,0.002279779
518,467.3393445020047,0.002281617
519,467.6309995660049,0.002285982
520,467.9171223650046,0.002292642
521,468.2025713929979,0.002300268
522,468.4898958210033,0.002307958
523,468.7727870950039,0.002316835
524,469.06107473400334,0.002327967
525,469.34753179600375,0.002339456
526,469.6310524950022,0.002348385
527,469.9178700449993,0.002354004
528,470.20332717899873,0.002356933
529,470.4852752689985,0.002356359
530,470.7703757290001,0.002351547
531,471.053325177003,0.002343396
532,471.33970832900377,0.00233352
533,471.62721586300177,0.002324162
534,471.91300582900294,0.002316702
535,472.1988821030027,0.002310415
536,472.4865684510005,0.00230406
537,472.7837300309984,0.002298538
538,473.0652685169989,0.002295034
539,473.3531103140049,0.002292914
540,473.6391735080033,0.00229325
541,473.93380832700495,0.002299223
542,474.2233657840043,0.002311571
543,474.507086753998,0.002327185
544,474.79992151300394,0.002341069
545,475.08977460900496,0.002349346
546,475.3823823929997,0.002351084
547,475.67155742699833,0.002347726
548,475.9601702690052,0.002341142
549,556.5429086689983,0.002332862
550,556.8238692290033,0.00232548
551,557.1051678660006,0.002320931
552,557.3858842850022,0.002319158
553,557.6655893330026,0.002320512
554,557.9477348330038,0.002322957
555,558.2302322390024,0.002321756
556,558.5106801990041,0.002317051
557,558.7900657659993,0.002312461
558,559.0717225080007,0.002308694
559,559.3510751729991,0.00230538
560,559.6328644759997,0.002302914
561,559.9121675499991,0.002301422
562,560.1930708889995,0.002300457
563,560.4722151759997,0.002299129
564,560.7517790800048,0.002297078
565,561.0342187889983,0.002294986
566,561.314710618004,0.002293691
567,561.5939173700026,0.002293188
568,561.8741970070041,0.002292917
569,562.1543040280012,0.002292251
570,562.4339761740048,0.002291362
571,562.7142453199995,0.002290692
572,562.9950461390035,0.002289965
573,563.2737407690001,0.00228869
574,563.5531783109982,0.002286766
575,563.8342323309989,0.002283599
576,564.1165547380006,0.002277937
577,564.3957982069987,0.002271699
578,564.6765122420038,0.002268886
579,564.956234932004,0.002269804
580,565.2353906639983,0.002271752
581,565.5149278649988,0.002272518
582,565.7956032760048,0.002270485
583,566.081148148005,0.002265934
584,566.3612012869999,0.002261822
585,566.6401219370018,0.002259881
586,566.920135499,0.002259419
587,567.2004652030009,0.002258796
588,567.4804797180041,0.002257607
589,567.7612204559991,0.002257462
590,568.0421357160012,0.00225846
591,568.3226828580009,0.002258189
592,568.6009221080021,0.002255707
593,568.8816537860039,0.002252919
594,569.1633992200004,0.002251138
595,569.4419202810022,0.002250208
596,569.7228469850015,0.002249702
597,570.0030198099994,0.002248881
598,570.2832703599997,0.002248222
599,570.5651869780049,0.002248779
600,570.8451833729996,0.00224917
601,571.1243605620039,0.002248426
602,571.4041533470008,0.002248321
603,571.6856803900009,0.002249208
604,571.9677920350005,0.00225061
605,572.2477231029989,0.002254222
606,572.5266203880019,0.002260261
607,572.8091306690039,0.002266095
608,573.0928387649983,0.002270648
609,573.3737077719998,0.002274017
610,573.6560678489986,0.002275088
611,573.9353165630018,0.002274749
612,574.2144994740011,0.002274607
613,574.4954528810049,0.00227468
614,574.7764544489983,0.002274434
615,575.054873467001,0.002272245
616,575.335426331003,0.002268106
617,575.6146879200023,0.002264288
618,575.8953723910017,0.002262177
619,576.1764779100049,0.002261303
620,576.4565405850008,0.002260178
621,576.7371811870034,0.002258672
622,577.018195153003,0.002258064
623,577.2986350060019,0.002257913
624,577.5786790850034,0.002257209
625,577.8593821530012,0.002255926
626,578.1398215299996,0.002253994
627,578.4199099550024,0.002251934
628,578.6999635700049,0.002250603
629,578.979836464001,0.002250314
630,579.2613639839983,0.002250847
631,579.5425701150016,0.002251558
632,579.8223457339991,0.002252063
633,580.1046943670008,0.002252542
634,580.3840541840036,0.002253723
635,580.6655612000031,0.002254757
636,580.9449000360037,0.002253485
637,581.2256512649983,0.002250344
638,581.5056490900024,0.002247273
639,581.7846250540024,0.002245587
640,582.0651717190049,0.002245556
641,582.3444943430004,0.002245956
642,582.6271615029982,0.002246275
643,582.9059591300029,0.002246891
644,583.1866297730012,0.002246859
645,583.4666509630042,0.002244724
646,583.7464609150047,0.002240874
647,584.0276389130013,0.002237411
648,584.3079509739982,0.002235035
649,584.5917315490005,0.002234076
650,584.8737282760048,0.002234958
651,585.156088830001,0.002236133
652,585.4380931859996,0.00223659
653,585.7178463939999,0.002237053
654,585.9994630820001,0.002237787
655,586.2803225520038,0.002237403
656,586.5614333160047,0.002235491
657,586.8414955140033,0.00223365
658,587.1246972090012,0.002232377
659,666.6745181090009,0.002227327
660,666.9550886159996,0.002212921
661,667.2370095260048,0.002192028
662,667.5177803039987,0.002171057
663,667.7988600739991,0.002153077
664,668.0780596740005,0.002139753
665,668.3595046999981,0.002130597
666,668.6406383520007,0.00212434
667,668.9220967299989,0.002121184
668,669.2040824889991,0.002121436
669,669.4896292690028,0.002123478
670,669.7703166010033,0.002125788
671,670.0512566570033,0.002128388
672,670.3315386780014,0.00213026
673,670.6120519640026,0.002130745
674,670.8928651809983,0.002130699
675,671.1718177799994,0.002130022
676,671.4507803919987,0.002129061
677,671.737778663999,0.002128551
678,672.0227785120005,0.002128458
679,672.3043417939989,0.00212867
680,672.5863847740038,0.002128577
681,672.878382683004,0.002128113
682,673.1574878700048,0.002127612
683,673.4378428460041,0.00212695
684,673.7184815410001,0.00212621
685,673.9994511609984,0.00212551
686,674.2817158699982,0.002125243
687,674.5604529390039,0.002125501
688,674.8398737910029,0.002124915
689,675.1211886410019,0.00212319
690,675.4003829959984,0.002121467
691,675.6799211510006,0.002120105
692,675.9616160400037,0.002119579
693,676.2430076599994,0.002120687
694,676.5246548659998,0.002123055
695,676.8059682849998,0.002124849
696,677.0862336159989,0.002125271
697,677.3655424120007,0.002124959
698,677.647062779004,0.002123818
699,677.9277963639979,0.002121977
700,678.208156585999,0.002121109
701,678.4892549520009,0.002121708
702,678.7710938460004,0.002122159
703,679.0521197320049,0.002122639
704,679.3331208230011,0.002123564
705,679.6142668730026,0.002123948
706,679.8958458909983,0.002125393
707,680.1766018870039,0.00212936
708,680.4571681029993,0.00213389
709,680.7379870420045,0.002136508
710,681.0184369089984,0.002136754
711,681.2994198800006,0.002136692
712,681.5800108910043,0.002137025
713,681.8641142850029,0.002136985
714,682.1481485370023,0.002137203
715,682.4293117530033,0.002138131
716,682.7091774950022,0.002140015
717,682.9906277660048,0.00214166
718,683.2724876409993,0.002141076
719,683.556653022999,0.002138967
720,683.8358755119989,0.00213705
721,684.1151614190021,0.002136328
722,684.3953804970006,0.002136832
723,684.6767334940014,0.002137732
724,684.9572043420048,0.002138453
725,685.2364268310048,0.002138466
726,685.5163497930043,0.002137346
727,685.7983508110046,0.002135443
728,686.0777401930027,0.002133706
729,686.3591022500041,0.002133805
730,686.639167786001,0.002135806
731,686.9179000860022,0.002137048
732,687.2004079820035,0.002136805
733,687.4807329180039,0.002136736
734,687.7610664370004,0.002137516
735,688.0406169900016,0.002139089
736,688.3209857949987,0.002140669
737,688.6016454700002,0.002141515
738,688.8807005890048,0.002141829
739,689.1618204120023,0.00214189
740,689.4411802300019,0.002141358
741,689.7214446069993,0.002140047
742,690.0010733610034,0.002139551
743,690.2806301119999,0.002139947
744,690.5616903310001,0.002139995
745,690.8430385590036,0.002140525
746,691.1245050430007,0.002141271
747,691.4044466019986,0.002140724
748,691.686345578004,0.002138748
749,691.9657921800026,0.002136
750,692.2466311460012,0.002132915
751,692.5274214750025,0.00213001
752,692.8072295189995,0.002128605
753,693.0874285700047,0.002129991
754,693.3679428110045,0.002134052
755,693.6484308250001,0.002138761
756,693.9290084840031,0.002142116
757,694.2105145460009,0.002143896
758,694.4907917980017,0.002144357
759,694.7724857330031,0.002143655
760,695.0540971759983,0.00214161
761,695.3336172109994,0.00213867
762,695.615015506999,0.002137268
763,695.8959269530023,0.002138551
764,696.1768565180028,0.002140813
765,696.4571275720009,0.002142994
766,696.7373490340033,0.00214556
767,697.0186243060016,0.002148239
768,697.2978630069993,0.002149514
769,777.3577361110001,0.002146009
770,777.6517324450033,0.002134404
771,777.9447350510018,0.002117843
772,778.2347350130003,0.002103044
773,778.5287375449989,0.002092601
774,778.818900586004,0.002086227
775,779.1019144060047,0.002082248
776,779.3878984460025,0.002078489
777,779.6704154020044,0.002076116
778,779.9568591120042,0.002076179
779,780.2444939620036,0.002076509
780,780.5294942859982,0.002075853
781,780.8205003740004,0.002075504
782,781.1084952360034,0.002076943
783,781.3994946480016,0.002080183
784,781.6873936660049,0.002083493
785,781.9717507370005,0.002084783
786,782.2606186870034,0.002084312
787,782.5420651439999,0.002083645
788,782.8243017200002,0.002083644
789,783.1067790989982,0.002083768
790,783.3881411559996,0.002082246
791,783.6702480320018,0.00207921
792,783.9549627310043,0.002076808
793,784.2389631280021,0.002076195
794,784.5249629030004,0.002077258
795,784.8092069630002,0.002078995
796,785.0942325600045,0.002079861
797,785.3783149720039,0.002078817
798,785.662377835004,0.002076871
799,785.9429869660016,0.002075671
800,786.2224516870047,0.002074961
801,786.5025892260019,0.002074792
802,786.7843675620024,0.002076205
803,787.0690393449986,0.002078866
804,787.3501791960007,0.002081199
805,787.6302256589988,0.002082512
806,787.9100775719999,0.002083461
807,788.192951680001,0.00208424
808,788.4771475800007,0.002085253
809,788.7589716920047,0.002087429
810,789.0408492089991,0.002090377
811,789.3223004350002,0.00209317
812,789.60454321,0.002095475
813,789.8883404740045,0.002096406
814,790.1692233089998,0.002095119
815,790.4515066149979,0.002092884
816,790.7339143760037,0.00209114
817,791.017094613002,0.002089491
818,791.299014092001,0.002087328
819,791.5826678279991,0.002085236
820,791.8665542610033,0.002084518
821,792.1486077310037,0.002084922
822,792.430314064004,0.002084571
823,792.7119259840038,0.002083557
824,792.993666649003,0.002083073
825,793.2740464220042,0.002082281
826,793.556019307005,0.002080616
827,793.8363022810008,0.002080137
828,794.1184449200009,0.002081803
829,794.3989038470027,0.002084312
830,794.6831169130019,0.002086567
831,794.9667062759981,0.002087707
832,795.2485804559983,0.002086568
833,795.5304260260018,0.002083779
834,795.8141007430022,0.002082254
835,796.0967135430037,0.002084347
836,796.3788738260046,0.002089007
837,796.6593461040029,0.00209143
838,796.942263126999,0.002090145
839,797.2274255759985,0.002087846
840,797.5092582709985,0.002085512
841,797.7927751550014,0.002083032
842,798.0746483809999,0.002081441
843,798.3563756950025,0.002081855
844,798.637283326003,0.002084028
845,798.9210205080017,0.002086143
846,799.2023615840008,0.002086837
847,799.4835152630039,0.002086886
848,799.7665495879992,0.002086808
849,800.0480561260047,0.002086118
850,800.3283829690045,0.002085645
851,800.6103243830003,0.002087103
852,800.8945522310023,0.002090095
853,801.1759366990009,0.002092549
854,801.4581351279994,0.00209383
855,801.7431635860048,0.002094268
856,802.0301299100029,0.002093467
857,802.3141689309996,0.002092025
858,802.6021332750024,0.002090344
859,802.892131806002,0.002088076
860,803.1821761140018,0.002086319
861,803.4701318750012,0.002086152
862,803.7571725849994,0.002086989
863,804.0441374779984,0.002087218
864,804.3321323400014,0.002086281
865,804.6211347580029,0.002084978
866,804.9111733440004,0.002084257
867,805.2021369940048,0.002084352
868,805.4921689039984,0.002084988
869,805.780171395003,0.002086117
870,806.0671367649993,0.00208747
871,806.3521404269995,0.002088743
872,806.6361327179984,0.002089509
873,806.9223108299993,0.00208972
874,807.210343838,0.002089955
875,807.4963026050027,0.002090436
876,807.7843108180023,0.002090661
877,808.0759067539984,0.002089991
878,808.3591442110046,0.002088972
879,888.4253864290004,0.002088054
880,888.705558777001,0.002087746
881,888.9862775810034,0.002087307
882,889.2675642969989,0.00208531
883,889.5479602820051,0.002082332
884,889.8279452330025,0.002079734
885,890.1096444130017,0.002078627
886,890.3905134209999,0.002076404
887,890.6716446880018,0.002071297
888,890.9537930490042,0.002066702
889,891.2351675040045,0.002064509
890,891.5165529260048,0.002063754
891,891.797693253,0.002064367
892,892.0762801169985,0.002066531
893,892.3579626089995,0.002069742
894,892.6383900650035,0.002073189
895,892.9170989990016,0.002075846
896,893.1957292560037,0.002077229
897,893.476120471998,0.002076984
898,893.7589612010051,0.002073988
899,894.0393524169995,0.002068995
900,894.3191695220012,0.002065428
901,894.6008286479992,0.002063478
902,894.8808283809994,0.002062383
903,895.161749840001,0.002063523
904,895.4432530410049,0.002065816
905,895.7248234750004,0.002067121
906,896.0042247780002,0.00206614
907,896.2842535980017,0.002062293
908,896.5650730140042,0.002056669
909,896.8475646980005,0.002050899
910,897.1326460839991,0.002046179
911,897.4196476940051,0.002043651
912,897.7064633370028,0.002044394
913,897.9878683089992,0.002047454
914,898.2736969000034,0.002050785
915,898.5562419900016,0.002054263
916,898.8383812910033,0.002057144
917,899.1163406380001,0.002058181
918,899.3963408470008,0.002058693
919,899.6773438460004,0.002059458
920,899.9563851359999,0.002060814
921,900.2353463180043,0.00206339
922,900.5155248650044,0.002065663
923,900.7978568079998,0.002066709
924,901.0802245140003,0.002068262
925,901.359642029005,0.002070685
926,901.6418728830031,0.002073186
927,901.9231271750032,0.002076244
928,902.2040429120025,0.002078616
929,902.486552716,0.002079649
930,902.7692031859988,0.00208018
931,903.0517554289981,0.002079607
932,903.3324322710032,0.002077803
933,903.6147513390024,0.002074985
934,903.8963437089988,0.002072035
935,904.1756262780036,0.00207113
936,904.4586439140039,0.002073185
937,904.7401676180016,0.002077077
938,905.0225715640045,0.002081565
939,905.3046679500039,0.002085408
940,905.5853152280033,0.002087279
941,905.8676977159994,0.002087492
942,906.1471104630036,0.002087873
943,906.4278516769991,0.002088161
944,906.7075853350034,0.002087135
945,906.987365246001,0.002085868
946,907.2681665429991,0.002085195
947,907.546869278005,0.002085819
948,907.8272514350028,0.002087019
949,908.107852936002,0.002086189
950,908.3872637750028,0.002083262
951,908.666890145003,0.002080874
952,908.949524403004,0.002080894
953,909.229869366005,0.002082409
954,909.5109372139996,0.002083086
955,909.790099621001,0.002082113
956,910.0713186270004,0.002080854
957,910.3542699820027,0.002079103
958,910.6359267240041,0.002076821
959,910.9156274800043,0.002076133
960,911.1944870950028,0.002077554
961,911.4750666620021,0.002079724
962,911.7543172840014,0.002080698
963,912.0360751160042,0.002080081
964,912.3161954880052,0.002079186
965,912.596882343998,0.002079115
966,912.876866341001,0.002079988
967,913.156992436001,0.002081104
968,913.4382691389983,0.002081114
969,913.7178549770033,0.002078891
970,913.9983029370051,0.002075322
971,914.2790193559995,0.002071881
972,914.5591211319988,0.002069952
973,914.840907097001,0.002069633
974,915.1223702440038,0.002070535
975,915.4031133660028,0.002073338
976,915.6825380330047,0.002076887
977,915.9652175910014,0.002079833
978,916.2483038909995,0.002082432
979,916.5285706520008,0.002085159
980,916.8080558779984,0.00208696
981,917.088927746001,0.002085871
982,917.369977952003,0.002081883
983,917.6495003700038,0.002077152
984,917.929148674004,0.002074256
985,918.2137908939985,0.002073266
986,918.4961218840035,0.002072776
987,918.7761940960045,0.00207299
988,919.0558524139997,0.00207374
989,1002.0792212490051,0.002072062
990,1002.3643116960011,0.002065812
991,1002.6542959220023,0.002057391
992,1002.9403371820008,0.002049536
993,1003.224310399004,0.002041699
994,1003.5104498869987,0.002033335
995,1003.7959055910032,0.002026171
996,1004.081972123,0.002022726
997,1004.3682188989987,0.002024259
998,1004.6530556680009,0.002028859
999,1004.9397177700012,0.002033573
1000,1005.2272124299998,0.002037162
1001,1005.5128393179984,0.002039436
1002,1005.798052787999,0.002040237
1003,1006.0890612610019,0.002040371
1004,1006.3840684899988,0.002042094
1005,1006.6800785070009,0.00204521
1006,1006.975090027001,0.002046505
1007,1007.2692899710019,0.002045029
1008,1007.5592951779981,0.002041597
1009,1007.8484501839994,0.002036975
1010,1008.1369028100016,0.002033808
1011,1008.4249086380005,0.002034126
1012,1008.7137207990017,0.002037944
1013,1009.005735398001,0.002043935
1014,1009.2947454460009,0.00205118
1015,1009.5817451480034,0.002058619
1016,1009.8757586479987,0.002063277
1017,1010.1647644050026,0.002063112
1018,1010.4537777910009,0.002059016
1019,1010.7427859310046,0.002053404
1020,1011.0327916149981,0.002048526
1021,1011.3227996830028,0.002046225
1022,1011.6118097310027,0.002045907
1023,1011.9058284760031,0.002044964
1024,1012.194828988002,0.002042273
1025,1012.4848365790021,0.002039591
1026,1012.7758502959987,0.002037995
1027,1013.0648589140037,0.00203581
1028,1013.3569011690051,0.002033068
1029,1013.6458745010023,0.002031061
1030,1013.9388890269984,0.002029198
1031,1014.2318916330041,0.00202696
1032,1014.5219063760014,0.002024614
1033,1014.813913345999,0.002021778
1034,1015.1059212690016,0.002019709
1035,1015.3969287880027,0.002020855
1036,1015.6869397170012,0.002024263
1037,1015.9759488109994,0.002028625
1038,1016.2679567340019,0.002034087
1039,1016.5590887069993,0.002037683
1040,1016.8454298979996,0.002037067
1041,1017.132441998001,0.002034053
1042,1017.422449112004,0.002030326
1043,1017.7104578020007,0.002027712
1044,1018.0004639629988,0.002027958
1045,1018.2894763950026,0.002030208
1046,1018.5784935960037,0.002032719
1047,1018.8795042040001,0.002034145
1048,1019.1765460969982,0.002033981
1049,1019.4721040730001,0.002032349
1050,1019.7630128870005,0.002029491
1051,1020.0497818000003,0.002026494
1052,1020.3366045959992,0.002024182
1053,1020.6208229070035,0.00202256
1054,1020.905840874002,0.002022225
1055,1021.1931266789979,0.00202393
1056,1021.4803504950032,0.002027083
1057,1021.7739377030011,0.002030171
1058,1022.0594925890036,0.00203195
1059,1022.3473653800029,0.002032002
1060,1022.6324114800009,0.002031699
1061,1022.9183835990043,0.00203337
1062,1023.2045197490006,0.002036749
1063,1023.4904088980038,0.002040705
1064,1023.775379658,0.002045858
1065,1024.061391354,0.00205118
1066,1024.3483967790016,0.002054074
1067,1024.6324067120004,0.002054828
1068,1024.9194545749997,0.002055964
1069,1025.2066364290004,0.002056799
1070,1025.4911837580003,0.00205599
1071,1025.7758979799983,0.002055149
1072,1026.0605077750006,0.002055034
1073,1026.3472652440032,0.00205469
1074,1026.6319274909984,0.002053689
1075,1026.9160103800023,0.002052654
1076,1027.1996288299997,0.002051378
1077,1027.4836335190048,0.002048851
1078,1027.7686738970006,0.002045751
1079,1028.0526876450022,0.002043995
1080,1028.3376955990025,0.002044612
1081,1028.6226668360032,0.002046723
1082,1028.9086818700016,0.002048277
1083,1029.1951904300004,0.002047695
1084,1029.4800763130042,0.002044745
1085,1029.7636542320033,0.002041071
1086,1030.0472474100025,0.002037889
1087,1030.3314547539994,0.002034574
1088,1030.6178569800031,0.002032123
1089,1030.9037051210034,0.002032976
1090,1031.1915707590015,0.002036974
1091,1031.4792132380026,0.002041456
1092,1031.7649345399986,0.00204459
1093,1032.0506038669992,0.002046302
1094,1032.335577965001,0.002047596
1095,1032.6195845609982,0.002049813
1096,1032.906591416002,0.002053509
1097,1033.1946005830032,0.002058648
1098,1033.4826126100015,0.002064267
1099,1114.0421371460034,0.002067602
1100,1114.3235216149988,0.002067357
1101,1114.6037611970023,0.002064214
1102,1114.8846859940022,0.002058006
1103,1115.1671204570011,0.002050106
1104,1115.448426724004,0.002043279
1105,1115.7298188210043,0.002039101
1106,1116.008851052,0.002037042
1107,1116.2888703350036,0.002036017
1108,1116.5704426770026,0.002034864
1109,1116.8517961510006,0.002031868
1110,1117.135107041002,0.002027447
1111,1117.4155387880019,0.002023572
1112,1117.6977500920038,0.002022275
1113,1117.9801902780018,0.002023185
1114,1118.261399269999,0.002022714
1115,1118.5404367450028,0.002019623
1116,1118.822741986005,0.002015554
1117,1119.101830960004,0.002011758
1118,1119.381108761001,0.002008586
1119,1119.661442757002,0.002006569
1120,1119.9424633980016,0.002005456
1121,1120.2220988280023,0.002003741
1122,1120.5022678380046,0.002001933
1123,1120.782429218998,0.002001706
1124,1121.064986229001,0.002004243
1125,1121.3469338420036,0.002009917
1126,1121.6270256050047,0.002016927
1127,1121.9070878030034,0.002021694
1128,1122.187531948999,0.002022229
1129,1122.4688520440031,0.002019077
1130,1122.7502365120017,0.002013826
1131,1123.0306115159983,0.002007863
1132,1123.3118739130005,0.002002858
1133,1123.592422009002,0.002000522
1134,1123.874462605003,0.002000264
1135,1124.157256604005,0.002001046
1136,1124.4374871260006,0.002001489
1137,1124.719394683998,0.002000911
1138,1125.000689984001,0.002000562
1139,1125.2807726860046,0.002000908
1140,1125.560381889998,0.002002049
1141,1125.841661931001,0.002004043
1142,1126.132669448998,0.00200593
1143,1126.4156160359998,0.002006795
1144,1126.6954650879998,0.002006699
1145,1126.9786319740015,0.002007007
1146,1127.2595973019997,0.002008481
1147,1127.540229320999,0.002010113
1148,1127.823421478999,0.002011508
1149,1128.1025805480022,0.0020128
1150,1128.3817691810036,0.002013672
1151,1128.6629724509985,0.002014485
1152,1128.9440813070032,0.002015294
1153,1129.224355698003,0.002016041
1154,1129.5043482789988,0.002016873
1155,1129.7862324720045,0.002017044
1156,1130.0671792030043,0.002017183
1157,1130.3518424040012,0.002018389
1158,1130.6331329349996,0.002021101
1159,1130.9126529700006,0.002025872
1160,1131.1937999729998,0.002031025
1161,1131.475810527998,0.002034381
1162,1131.7562069900014,0.002035427
1163,1132.0367450720005,0.002034666
1164,1132.3178339010046,0.002033484
1165,1132.5986132629987,0.002033662
1166,1132.8782119759999,0.002034196
1167,1133.1594352730026,0.002031394
1168,1133.4400925640002,0.002026125
1169,1133.720676899,0.002021294
1170,1134.0024018289987,0.002016863
1171,1134.284108161999,0.00201333
1172,1134.5647764210007,0.00201228
1173,1134.8455209739986,0.002013011
1174,1135.1266093259983,0.00201294
1175,1135.4064030650043,0.0020119
1176,1135.6875514990024,0.002011999
1177,1135.968714237999,0.002013378
1178,1136.2505812650052,0.002014411
1179,1136.5323576930023,0.002016065
1180,1136.8139085770017,0.002021195
1181,1137.0949769020008,0.002028143
1182,1137.3750996590024,0.00203349
1183,1137.6557545670003,0.002038192
1184,1137.9355144510046,0.002042884
1185,1138.2162103660012,0.002046287
1186,1138.4965610510044,0.002047698
1187,1138.7775964739994,0.002047084
1188,1139.0579786310045,0.002046319
1189,1139.3392882350017,0.00204732
1190,1139.6194682130008,0.002050062
1191,1139.8994841579988,0.002053448
1192,1140.1815447810004,0.002056367
1193,1140.4621534350008,0.00205942
1194,1140.742652894005,0.00206248
1195,1141.0249300010037,0.002063753
1196,1141.3045930869994,0.002062691
1197,1141.5854282380024,0.00205989
1198,1141.867643357,0.002056799
1199,1142.1469092370025,0.002054625
1200,1142.4281125070047,0.002053114
1201,1142.7100090989989,0.002051305
1202,1142.9899883270045,0.002048557
1203,1143.2721791270014,0.002045678
1204,1143.5540475849994,0.0020445
1205,1143.836178303005,0.002046005
1206,1144.117215156999,0.002048619
1207,1144.3977799420027,0.002049907
1208,1144.6794929509997,0.002049808
1209,1226.5274047860003,0.002049038
1210,1226.805710793,0.002047272
1211,1227.0866622930043,0.002044658
1212,1227.3678188330014,0.00204091
1213,1227.6477499009998,0.002034654
1214,1227.9269967080036,0.002028056
1215,1228.2051577570019,0.002025014
1216,1228.4840478900005,0.002024437
1217,1228.7655739789989,0.00202485
1218,1229.0474138260033,0.002026815
1219,1229.3285660750043,0.002028117
1220,1229.6111788749986,0.002027712
1221,1229.890721322001,0.002026653
1222,1230.1720438010016,0.002024071
1223,1230.4540448190019,0.002019595
1224,1230.7355823520047,0.002015652
1225,1231.017430783002,0.002013528
1226,1231.297142029005,0.002012599
1227,1231.5776190760007,0.002012669
1228,1231.8577408800047,0.00201135
1229,1232.139768124005,0.002006547
1230,1232.4207873350024,0.00200008
1231,1232.7004451760004,0.001994493
1232,1232.982671261001,0.001991197
1233,1233.2630596169984,0.001990974
1234,1233.5456552510004,0.00199333
1235,1233.8254566200048,0.001995186
1236,1234.1050863269993,0.001994119
1237,1234.3850870140013,0.001991422
1238,1234.667119980004,0.001989881
1239,1234.948707581003,0.001990538
1240,1235.2293715480046,0.001991293
1241,1235.508852482002,0.001991328
1242,1235.7898330690005,0.001992128
1243,1236.0699133880044,0.001995009
1244,1236.3503036500042,0.002000823
1245,1236.629629136005,0.002007525
1246,1236.909865857,0.002012911
1247,1237.1877899169995,0.002017443
1248,1237.469441414003,0.002021207
1249,1237.7492208490003,0.002023911
1250,1238.0292367939983,0.002024373
1251,1238.3095722200014,0.002021182
1252,1238.5929827690052,0.00201692
1253,1238.8731470109997,0.002014018
1254,1239.1538434030008,0.00201074
1255,1239.4337153439992,0.002006942
1256,1239.7148461350007,0.002004559
1257,1239.9958229070035,0.002003781
1258,1240.2761111260043,0.002003193
1259,1240.557209491999,0.002001493
1260,1240.8373374939983,0.001998765
1261,1241.1185770040029,0.001996252
1262,1241.4004406930035,0.001994645
1263,1241.6808152200028,0.001993271
1264,1241.9621534350008,0.00199194
1265,1242.2435107240017,0.001991032
1266,1242.5299434670014,0.001991584
1267,1242.8115768440039,0.001993571
1268,1243.0898871430036,0.00199619
1269,1243.3727145200028,0.001999198
1270,1243.6537375449989,0.002000634
1271,1243.9334878930022,0.001999986
1272,1244.216631889998,0.001999986
1273,1244.498482228002,0.002002225
1274,1244.7812256820034,0.002004828
1275,1245.0635666849994,0.002006136
1276,1245.3442463879983,0.002006352
1277,1245.623896599005,0.002004701
1278,1245.9048442850035,0.002001288
1279,1246.1862912180004,0.001997541
1280,1246.4658117299987,0.001994718
1281,1246.7451648720016,0.001994526
1282,1247.0254282960013,0.00199567
1283,1247.3062415130044,0.001995567
1284,1247.5913748750027,0.001995708
1285,1247.8712978370022,0.001998316
1286,1248.1520857819996,0.002002058
1287,1248.432178975003,0.002004447
1288,1248.7134246830028,0.002005745
1289,1248.9937777520026,0.002007094
1290,1249.2762770660047,0.002008331
1291,1249.5578012469996,0.002009888
1292,1249.8397192960038,0.002012692
1293,1250.1188406950023,0.002015909
1294,1250.3986792569995,0.002017466
1295,1250.6795363429992,0.002016537
1296,1250.9586071970043,0.002014135
1297,1251.2411007890041,0.002012209
1298,1251.523223877004,0.002011814
1299,1251.8051824569993,0.002011482
1300,1252.085404397003,0.002009476
1301,1252.3657569889983,0.002007265
1302,1252.6463437089988,0.002007629
1303,1252.927237034004,0.00201086
1304,1253.208389283005,0.002015406
1305,1253.4888300899984,0.002019081
1306,1253.7696652419982,0.002020052
1307,1254.0499143609995,0.002018868
1308,1254.3294773110028,0.002017871
1309,1254.6100606920008,0.002018641
1310,1254.8931417470012,0.00201991
1311,1255.1735615729995,0.002019481
1312,1255.455132007999,0.002018694
1313,1255.7354063989987,0.002019036
1314,1256.0169506079983,0.002019476
1315,1256.2996773720006,0.0020192
1316,1256.5807461740042,0.002018892
1317,1256.8616676340025,0.002019756
1318,1257.1436505320016,0.002020398
1319,1337.1542286879994,0.002017198
1320,1337.4347877510008,0.002006925
1321,1337.7140536310035,0.001991675
1322,1337.9962964060032,0.001976892
1323,1338.2760167130036,0.001965252
1324,1338.5563597680011,0.001956892
1325,1338.8372421270033,0.001950319
1326,1339.1178107270025,0.001945635
1327,1339.4016966819981,0.001943889
1328,1339.6842918399998,0.00194394
1329,1339.9639534950038,0.001945042
1330,1340.246438027003,0.001946926
1331,1340.526434422005,0.001948538
1332,1340.8082547189988,0.001949141
1333,1341.0886983880046,0.0019477
1334,1341.367126942001,0.001945765
1335,1341.648452759,0.001946679
1336,1341.9292035110047,0.001949915
1337,1342.2091321949993,0.001953177
1338,1342.4881191259992,0.001955508
1339,1342.7692565920006,0.001956464
1340,1343.050235749004,0.001955244
1341,1343.330396176003,0.00195292
1342,1343.610150338005,0.00195211
1343,1343.8916497239989,0.001953652
1344,1344.171653270998,0.001956391
1345,1344.4512457849996,0.001958686
1346,1344.7310991289996,0.001960017
1347,1345.0127000810025,0.00196025
1348,1345.2928619390004,0.001961074
1349,1345.5727005010049,0.001964952
1350,1345.8519778260015,0.001970878
1351,1346.1389780050013,0.001976489
1352,1346.4241046910029,0.001981137
1353,1346.7081241609994,0.001985108
1354,1346.9899868970024,0.001987884
1355,1347.271517277004,0.00198959
1356,1347.5527100570034,0.00199035
1357,1347.8343539240013,0.001989109
1358,1348.1143169409988,0.001985182
1359,1348.3958101280004,0.00198025
1360,1348.6770005229992,0.001978197
1361,1348.957085132999,0.001978337
1362,1349.238343238998,0.001978119
1363,1349.5176405910024,0.00197797
1364,1349.797749520003,0.001976511
1365,1350.0799756050037,0.001972879
1366,1350.3608083729996,0.001968877
1367,1350.6391778000034,0.001966426
1368,1350.9200387009987,0.00196621
1369,1351.2012648590025,0.001966438
1370,1351.4816565520014,0.001965024
1371,1351.7630128870005,0.001961926
1372,1352.0449032789984,0.001958532
1373,1352.3251419070002,0.001957191
1374,1352.6064872749994,0.001961436
1375,1352.8890252120036,0.00197175
1376,1353.1687126160032,0.001984589
1377,1353.450498105005,0.001996661
1378,1353.7302899370043,0.00200598
1379,1354.0124430659998,0.002012055
1380,1354.2944526680003,0.002015422
1381,1354.5760397920021,0.002016909
1382,1354.8573751450022,0.002016678
1383,1355.1393723490037,0.00201555
1384,1355.4205031400052,0.002015493
1385,1355.702653885004,0.002014721
1386,1355.982442379005,0.002010501
1387,1356.2621822360015,0.002004504
1388,1356.541534901,0.00199858
1389,1356.824532509003,0.001992972
1390,1357.104459285998,0.001988006
1391,1357.3853926660013,0.001984227
1392,1357.664521218001,0.001982013
1393,1357.944995881,0.001980641
1394,1358.225159169,0.001979886
1395,1358.5067300800001,0.001980238
1396,1358.7892060279992,0.001981345
1397,1359.0730428700044,0.001983215
1398,1359.353302002004,0.001984939
1399,1359.6328244210017,0.001984102
1400,1359.9145178800027,0.001980967
1401,1360.1940317160042,0.001977603
1402,1360.4764580730043,0.001974649
1403,1360.7576084140019,0.001972397
1404,1361.038190365005,0.001971468
1405,1361.3183131219994,0.001971504
1406,1361.598851681003,0.001971351
1407,1361.8791737560023,0.001971579
1408,1362.1591172219996,0.001973441
1409,1362.4386124619996,0.001975968
1410,1362.7201638230035,0.001977774
1411,1363.0010361680033,0.001978144
1412,1363.2813677790036,0.00197704
1413,1363.561635017999,0.001976139
1414,1363.843444348,0.001976872
1415,1364.1263041499988,0.001978006
1416,1364.405697823,0.001977908
1417,1364.6870436669997,0.001979058
1418,1364.9676613810007,0.001983529
1419,1365.2487750060027,0.001987987
1420,1365.531408310002,0.001990275
1421,1365.8115630149987,0.00199123
1422,1366.0920443540017,0.001991486
1423,1366.3730506900029,0.001991376
1424,1366.6552414899998,0.001991325
1425,1366.9352002150044,0.001994047
1426,1367.2156515130046,0.002001092
1427,1367.4952330590022,0.002007357
1428,1367.7752618790037,0.002007457
1429,1447.8645105370015,0.002002653
1430,1448.143516064003,0.001995774
1431,1448.4213967329997,0.00198742
1432,1448.701858043998,0.001977698
1433,1448.9822916990015,0.001967953
1434,1449.262448788002,0.001959991
1435,1449.5436582570037,0.001953733
1436,1449.824401856,0.001948699
1437,1450.103773118004,0.001944876
1438,1450.3847727780012,0.001942269
1439,1450.6650443079998,0.001941847
1440,1450.9442248350024,0.001943583
1441,1451.2255439760047,0.001945691
1442,1451.5060930260006,0.00194715
1443,1451.7853527070038,0.001948265
1444,1452.0664472580029,0.001950121
1445,1452.347613335005,0.001952371
1446,1452.629904747002,0.001954735
1447,1452.911264897004,0.00195667
1448,1453.1922163970012,0.001956361
1449,1453.4733142859986,0.001954669
1450,1453.753890992004,0.001953172
1451,1454.0331940660035,0.001951808
1452,1454.3170118339985,0.001949303
1453,1454.5972094540048,0.001945386
1454,1454.8790898330044,0.001940928
1455,1455.1594767580027,0.001936876
1456,1455.4401493080004,0.001935359
1457,1455.719806195004,0.001938281
1458,1456.0010113719982,0.001946057
1459,1456.282945633,0.001957116
1460,1456.5626235009986,0.00196806
1461,1456.8576221469993,0.001976453
1462,1457.1476264000012,0.001982148
1463,1457.4406247139996,0.001985693
1464,1457.7336263660036,0.001988681
1465,1458.029620647998,0.001991409
1466,1458.318626404005,0.001990751
1467,1458.6056232460032,0.001983752
1468,1458.8966608050032,0.001972363
1469,1459.182658196005,0.001961847
1470,1459.4647731790028,0.001954419
1471,1459.7468938829988,0.001949613
1472,1460.028221131004,0.001947426
1473,1460.310914517002,0.001947223
1474,1460.5931758890001,0.001947386
1475,1460.8781738289981,0.00194795
1476,1461.1609034540015,0.001949365
1477,1461.4502487190039,0.001951382
1478,1461.7330131540002,0.001954148
1479,1462.0148048410047,0.001957986
1480,1462.2960643769984,0.001963545
1481,1462.5781674390018,0.001970467
1482,1462.8591666229986,0.001977191
1483,1463.1403727540019,0.001982241
1484,1463.422537327002,0.001985375
1485,1463.7049260140047,0.001987457
1486,1463.9881210329986,0.001988871
1487,1464.2688622479982,0.001990446
1488,1464.5503029829997,0.001992727
1489,1464.8314356810006,0.001994335
1490,1465.114844323005,0.001994596
1491,1465.397304058999,0.001993362
1492,1465.6776919370022,0.001990474
1493,1465.9594435699983,0.001987165
1494,1466.2395310409993,0.001983304
1495,1466.5209712990036,0.00197874
1496,1466.805909157003,0.001975944
1497,1467.091257095999,0.001975872
1498,1467.3731532099991,0.001976151
1499,1467.653165818003,0.001974804
1500,1467.931139469998,0.001974426
1501,1468.2092103960022,0.001977323
1502,1468.4893002509998,0.001981461
1503,1468.7692656520012,0.001985731
1504,1469.0519170769985,0.001989156
1505,1469.3325204850044,0.001989609
1506,1469.6135725979984,0.001988658
1507,1469.8929429060008,0.001989107
1508,1470.1718244560034,0.001990396
1509,1470.4559750560002,0.001990185
1510,1470.7342371949999,0.001988306
1511,1471.0115923890044,0.001986778
1512,1471.290656090001,0.001985101
1513,1471.5695528990036,0.001982055
1514,1471.8493800170036,0.001979028
1515,1472.1295719150003,0.001977817
1516,1472.4089903839995,0.00197746
1517,1472.689486027004,0.001976442
1518,1472.9697661399987,0.001976917
1519,1473.2492456440013,0.00198147
1520,1473.5316901210026,0.001988981
1521,1473.8114056589984,0.001995468
1522,1474.0895967489996,0.001998261
1523,1474.3678636559998,0.001997388
1524,1474.6486296660005,0.001992774
1525,1474.9275412560019,0.001984815
1526,1475.2062911989997,0.001976584
1527,1475.4873080260004,0.001970975
1528,1475.766976357001,0.00196851
1529,1476.047701358999,0.001968797
1530,1476.327693940002,0.001971431
1531,1476.6084337240027,0.001975043
1532,1476.8895068170023,0.001978274
1533,1477.1690797810006,0.001981
1534,1477.4466338159982,0.00198172
1535,1477.7262644770017,0.001981155
1536,1478.006487370003,0.001981378
1537,1478.2870020870032,0.001980015
1538,1478.5673146250047,0.001975821
1539,1558.9019365319982,0.001969565
1540,1559.8325414659994,0.001960704
1541,1560.1140141490032,0.001950121
1542,1560.3951368339985,0.001941138
1543,1560.6767144210025,0.001935781
1544,1560.9568982130004,0.001932776
1545,1561.237016678002,0.001929921
1546,1561.517103195998,0.001926939
1547,1561.799098014999,0.001925602
1548,1562.081374169,0.00192607
1549,1562.3622078900007,0.00192766
1550,1562.6447687149994,0.001930804
1551,1562.9287633900021,0.001936133
1552,1563.2094559670004,0.001944051
1553,1563.4946761140018,0.00195355
1554,1563.78153801,0.001962351
1555,1564.0696024900026,0.001969181
1556,1564.3525338180043,0.001973094
1557,1564.643227100998,0.001973063
1558,1564.9241113669996,0.001970875
1559,1565.2048459060024,0.001969311
1560,1565.4877243049996,0.001969165
1561,1565.768669129,0.00196971
1562,1566.048395634003,0.001969266
1563,1566.330916882005,0.001965515
1564,1566.6118683820023,0.001959144
1565,1566.8990273480013,0.001953465
1566,1567.182319642001,0.001949093
1567,1567.4649982460032,0.001944763
1568,1567.7445888520015,0.001941292
1569,1568.0256090170005,0.001940122
1570,1568.306556225005,0.001938748
1571,1568.5867905620034,0.001935161
1572,1568.868593693005,0.001933083
1573,1569.1489558219982,0.001935657
1574,1569.4313120849984,0.001940045
1575,1569.7136259079998,0.001942506
1576,1569.9957513810004,0.001942872
1577,1570.277715682998,0.001942893
1578,1570.559040070002,0.001942952
1579,1570.840989590004,0.001943419
1580,1571.122074603998,0.001945779
1581,1571.4015975000002,0.001948241
1582,1571.6835126880032,0.001949049
1583,1571.9644665720043,0.001950118
1584,1572.2447662359991,0.001953546
1585,1572.525887967,0.00195861
1586,1572.8083367350046,0.001962801
1587,1573.0901670460007,0.001964474
1588,1573.3711924560048,0.001962824
1589,1573.6528840070023,0.00195928
1590,1573.935022354999,0.001957207
1591,1574.215939999005,0.001955938
1592,1574.4979014400014,0.001951968
1593,1574.7799906740038,0.001945317
1594,1575.061020852001,0.00194005
1595,1575.341801167,0.001939135
1596,1575.624515057003,0.001941012
1597,1575.907535077,0.001944011
1598,1576.1873278620042,0.001947716
1599,1576.4679927830002,0.001951106
1600,1576.7477765090007,0.001954109
1601,1577.0288915640049,0.001956925
1602,1577.310810089999,0.001959578
1603,1577.5915279390028,0.001962642
1604,1577.8740115170003,0.001965122
1605,1578.1559023860027,0.001965878
1606,1578.437340260003,0.001966058
1607,1578.7186737070006,0.001966838
1608,1579.0004744530015,0.001968374
1609,1579.2864995010023,0.001970312
1610,1579.5710721020005,0.001972107
1611,1579.8534216890039,0.001972694
1612,1580.135066032999,0.001970843
1613,1580.417212487002,0.001967427
1614,1580.6980710030039,0.001964898
1615,1580.9781694420017,0.001964708
1616,1581.259457111999,0.00196586
1617,1581.5423460009988,0.001965952
1618,1581.826054574005,0.001964016
1619,1582.1078329090014,0.001962245
1620,1582.388958454998,0.001962913
1621,1582.6691813470024,0.00196439
1622,1582.949285030998,0.001964952
1623,1583.230939866,0.001965299
1624,1583.5110311509998,0.001966349
1625,1583.7915425309984,0.001967573
1626,1584.0718770029998,0.001966811
1627,1584.351395607002,0.001964764
1628,1584.633465291001,0.001963994
1629,1584.914752484001,0.001964407
1630,1585.1969933510045,0.001966209
1631,1585.4785704620008,0.001969646
1632,1585.758169175002,0.001972917
1633,1586.0406050689999,0.001974939
1634,1586.3232316979993,0.001976967
1635,1586.603972912002,0.001979444
1636,1586.8902373320016,0.001981196
1637,1587.1726975450001,0.001982419
1638,1587.4547219279993,0.001982709
1639,1587.7407679559983,0.001980377
1640,1588.0232152940007,0.001975531
1641,1588.303678035998,0.001970344
1642,1588.585618019999,0.00196593
1643,1588.8674430850006,0.001961808
1644,1589.149846553999,0.001958007
1645,1589.4315199859993,0.00195489
1646,1589.7121019370024,0.001952626
1647,1589.994122506003,0.001951296
1648,1590.2757849699992,0.001950709
1649,1672.902704715998,0.001948731
1650,1673.184143544,0.001942401
1651,1673.4660615930043,0.001932128
1652,1673.747598171998,0.001922123
1653,1674.0281119350038,0.001915347
1654,1674.309443474005,0.001911353
1655,1674.5904507640007,0.001908496
1656,1674.8704524040004,0.001906373
1657,1675.1519660949998,0.00190569
1658,1675.4309678080026,0.00190571
1659,1675.710683823003,0.001905311
1660,1675.9897298819997,0.001904207
1661,1676.271146775005,0.001901886
1662,1676.5487990379988,0.001898434
1663,1676.8276844030042,0.001895399
1664,1677.106018544,0.001893685
1665,1677.387199402001,0.001893613
1666,1677.6672983169992,0.001895555
1667,1677.9469332700028,0.001898863
1668,1678.2274904260048,0.001902517
1669,1678.5088982590023,0.001906286
1670,1678.7882227900045,0.001909068
1671,1679.0683641440046,0.001908987
1672,1679.349781514,0.001907013
1673,1679.6309857369997,0.001905283
1674,1679.912368297999,0.001904265
1675,1680.1925740250008,0.001903425
1676,1680.4730024340024,0.001902659
1677,1680.7521529200021,0.001902978
1678,1681.0334763530045,0.00190576
1679,1681.3160052300009,0.001910468
1680,1681.596070767002,0.001914788
1681,1681.8770842560043,0.001917178
1682,1682.159545899005,0.001917165
1683,1682.440333366998,0.00191579
1684,1682.719087600999,0.001914397
1685,1683.000256062005,0.001913708
1686,1683.2810482979985,0.001914137
1687,1683.561083794004,0.001915471
1688,1683.8417148590015,0.001917321
1689,1684.1228008270045,0.001918499
1690,1684.404022694005,0.001918239
1691,1684.684158326003,0.001917595
1692,1684.9649300579986,0.001917267
1693,1685.245901107999,0.001917093
1694,1685.5260896690015,0.00191797
1695,1685.8062968259983,0.001919921
1696,1686.08891821,0.001920793
1697,1686.368632317004,0.001919832
1698,1686.650796891001,0.001918144
1699,1686.9314403540047,0.001916736
1700,1687.2142033580021,0.001915807
1701,1687.494263173001,0.001915432
1702,1687.7751312260007,0.001916797
1703,1688.0596165660027,0.001920059
1704,1688.3409585960035,0.001922493
1705,1688.6219387060046,0.001921541
1706,1688.9005622870027,0.001918335
1707,1689.1800627710036,0.00191517
1708,1689.4604620940008,0.00191343
1709,1689.7411632540025,0.001914103
1710,1690.0214381219994,0.00191632
1711,1690.3018913269989,0.001918389
1712,1690.5825829509995,0.001920454
1713,1690.863357068003,0.001923572
1714,1691.1476492889997,0.001927679
1715,1691.4274363520017,0.001932247
1716,1691.7081327440028,0.001937001
1717,1691.9885592470018,0.001941348
1718,1692.2695755960012,0.001943555
1719,1692.5494999889997,0.001942115
1720,1692.828779221003,0.001938143
1721,1693.1111264229985,0.001933498
1722,1693.3921632769998,0.001928917
1723,1693.6729831699995,0.001924949
1724,1693.9524493220015,0.001921956
1725,1694.2356982240017,0.00191981
1726,1694.5171060569992,0.001917577
1727,1694.7981824880044,0.001914813
1728,1695.0782990459993,0.001912558
1729,1695.3592748650044,0.001911399
1730,1695.642108441003,0.001912158
1731,1695.9246559150051,0.001915049
1732,1696.2056064610006,0.001917929
1733,1696.485830784004,0.001919749
1734,1696.7670831680007,0.001920856
1735,1697.0495920190006,0.001921103
1736,1697.3334145550034,0.001919671
1737,1697.6132369050029,0.00191664
1738,1697.893476010002,0.001915031
1739,1698.1732406619994,0.001916455
1740,1698.4538345340043,0.001919606
1741,1698.733230114005,0.00192462
1742,1699.013744832002,0.001930933
1743,1699.2947187430036,0.001936022
1744,1699.5753731730001,0.001939351
1745,1699.8563337330052,0.001941712
1746,1700.1372246750034,0.001943054
1747,1700.4182615280006,0.001942435
1748,1700.698674678999,0.001940235
1749,1700.9785075190011,0.001938491
1750,1701.2591729170017,0.001938355
1751,1701.5400662430038,0.001939201
1752,1701.8199000360037,0.00193962
1753,1702.0994377140014,0.001940116
1754,1702.3798465729997,0.001941517
1755,1702.659965038998,0.001943298
1756,1702.9413752559994,0.001944269
1757,1703.2234463700006,0.001942915
1758,1703.502799034999,0.001939835
1759,1783.8594880110031,0.001934862
1760,1784.149451256002,0.001926876
1761,1784.432847023003,0.001917945
1762,1784.714054584998,0.001910335
1763,1784.9945116050003,0.001904848
1764,1785.275397301004,0.001901168
1765,1785.5559463509999,0.001897108
1766,1785.8362522130046,0.00189233
1767,1786.1144599920008,0.001889265
1768,1786.3938560489987,0.001888662
1769,1786.6752614979996,0.001889859
1770,1786.9562654500041,0.001891101
1771,1787.2363476760002,0.001890452
1772,1787.5164442070018,0.00188914
1773,1787.797047139,0.001888691
1774,1788.077176095001,0.001888847
1775,1788.3565602310046,0.001889231
1776,1788.6370806699997,0.00188945
1777,1788.9176607140034,0.001888909
1778,1789.199306964998,0.001888079
1779,1789.4784407620027,0.001887325
1780,1789.7596869469999,0.00188613
1781,1790.0398163799982,0.00188551
1782,1790.320050717004,0.001886468
1783,1790.6013093000001,0.001887879
1784,1790.8810925490034,0.001888825
1785,1791.161574841004,0.001889013
1786,1791.442301750998,0.001888699
1787,1791.7238163950024,0.001888697
1788,1792.0037693980048,0.001888353
1789,1792.2819633489999,0.001887798
1790,1792.5627608299983,0.001888576
1791,1792.842419624998,0.001890585
1792,1793.1227030759983,0.001892135
1793,1793.4032068259985,0.001892365
1794,1793.6823487290021,0.001892645
1795,1793.9623227120028,0.001893297
1796,1794.2435655599984,0.001893316
1797,1794.5230975160011,0.001893874
1798,1794.803348542002,0.001895619
1799,1795.0840687759992,0.001896974
1800,1795.3657307629983,0.001897029
1801,1795.6454825410037,0.001895839
1802,1795.926319600003,0.001894232
1803,1796.2083187110038,0.001893381
1804,1796.4892849930038,0.001894207
1805,1796.7712187770012,0.001896665
1806,1797.0520176889986,0.001898788
1807,1797.332243443001,0.001898965
1808,1797.6128540040008,0.001897319
1809,1797.893463612003,0.001895504
1810,1798.173887253004,0.001894353
1811,1798.4549522400048,0.001893102
1812,1798.7341723450008,0.001892699
1813,1799.0141587260005,0.001893964
1814,1799.295213700003,0.001895851
1815,1799.5756382949985,0.001897148
1816,1799.856154918998,0.001897542
1817,1800.1365485200004,0.001897083
1818,1800.4155335430041,0.001896187
1819,1800.6960015299992,0.001896924
1820,1800.9773607259995,0.001900884
1821,1801.2577743529982,0.001905684
1822,1801.5375785830038,0.001906761
1823,1801.8186693200041,0.001904058
1824,1802.0980606080047,0.001901044
1825,1802.378290654,0.001899356
1826,1802.6590428359996,0.001899431
1827,1802.9375228889985,0.00190139
1828,1803.2166900640004,0.001903754
1829,1803.4988770490017,0.001905501
1830,1803.7783527380016,0.001907145
1831,1804.059417248005,0.001908515
1832,1804.340327263002,0.001909215
1833,1804.6238260270038,0.001909676
1834,1804.9037952430008,0.001910598
1835,1805.1826090820032,0.00191078
1836,1805.4622111330027,0.001909429
1837,1805.7418437009983,0.001908995
1838,1806.0223145490017,0.001910811
1839,1806.3022093780019,0.001913497
1840,1806.5832624440009,0.001915051
1841,1806.8639531139997,0.001915821
1842,1807.1442093849982,0.001918447
1843,1807.4240036019983,0.001922543
1844,1807.7057094580014,0.001925781
1845,1807.986525059001,0.001927975
1846,1808.2657203679992,0.001930968
1847,1808.5471272470022,0.001934887
1848,1808.8314824109984,0.001937188
1849,1809.1138644220046,0.001936204
1850,1809.3944482810039,0.001933046
1851,1809.674803257003,0.001929852
1852,1809.9559230810046,0.001927094
1853,1810.2366037370011,0.001925793
1854,1810.5165305140035,0.001926623
1855,1810.7981886870039,0.001928507
1856,1811.0776476860046,0.001931678
1857,1811.357289315005,0.001936671
1858,1811.6384248739996,0.001942181
1859,1811.9182639130013,0.001946091
1860,1812.1997857099996,0.001948061
1861,1812.481577397004,0.00194904
1862,1812.7647795680023,0.001948855
1863,1813.0442752840027,0.001947002
1864,1813.3243899349982,0.001943941
1865,1813.6035318380018,0.001940895
1866,1813.8830242160038,0.001939428
1867,1814.163802146999,0.001939705
1868,1814.445345402004,0.001939311
1869,1894.776975632005,0.001935874
1870,1895.057311534998,0.001928483
1871,1895.3366618159998,0.001917614
1872,1895.6163592340017,0.001904851
1873,1895.8967704780007,0.001892614
1874,1896.176666737003,0.001883546
1875,1896.4566240319982,0.001878272
1876,1896.7361731530036,0.001876022
1877,1897.0159444810051,0.001875769
1878,1897.2956233029981,0.001877238
1879,1897.576667786001,0.00188131
1880,1897.8578701020015,0.001887288
1881,1898.1368045810013,0.001892851
1882,1898.4160633089996,0.001896734
1883,1898.6969256410011,0.001898965
1884,1898.9761033059985,0.001900111
1885,1899.2574663170017,0.001900819
1886,1899.536182404001,0.001901215
1887,1899.8154988290044,0.001899902
1888,1900.094503403001,0.001896201
1889,1900.3746132860033,0.001892623
1890,1900.6561956410005,0.00189021
1891,1900.938564778,0.001888102
1892,1901.2190194130017,0.001887392
1893,1901.500083924002,0.001889707
1894,1901.7793030739995,0.001894081
1895,1902.0593523979987,0.001897394
1896,1902.3385190970002,0.001898318
1897,1902.6193823819995,0.001898647
1898,1902.899061203003,0.001899981
1899,1903.1771664620028,0.001900498
1900,1903.4556531909984,0.001898252
1901,1903.737164021004,0.001895019
1902,1904.0162072189996,0.001892872
1903,1904.2951059350016,0.001891783
1904,1904.5738282210004,0.00189133
1905,1904.8531565669982,0.001890936
1906,1905.1334066400013,0.001890745
1907,1905.4114112860043,0.001891255
1908,1905.6923680309992,0.001891664
1909,1905.9732589730047,0.001891429
1910,1906.2542910580014,0.001890667
1911,1906.534612178999,0.00188952
1912,1906.8136916170042,0.00188812
1913,1907.094647885002,0.001886248
1914,1907.3740134239997,0.001884263
1915,1907.654704571003,0.001883473
1916,1907.9344511040035,0.001884205
1917,1908.2179875380025,0.001885072
1918,1908.497055054002,0.001886112
1919,1908.7785444260007,0.001889009
1920,1909.0580587389995,0.001893154
1921,1909.3382463460002,0.001896115
1922,1909.6167054180041,0.001896652
1923,1909.895448684998,0.001895276
1924,1910.1765408520005,0.001893009
1925,1910.4579482080007,0.001890738
1926,1910.7385368350006,0.0018899
1927,1911.0166673659987,0.001891068
1928,1911.299902440005,0.001893006
1929,1911.5809493070046,0.00189489
1930,1911.8603868490027,0.001895465
1931,1912.1402335169987,0.001893945
1932,1912.4213519100012,0.00189218
1933,1912.7005977640001,0.001890298
1934,1912.985954762,0.001888463
1935,1913.2653112420012,0.001888914
1936,1913.5452432640013,0.001891172
1937,1913.8259301190046,0.001893145
1938,1914.106555462,0.001893677
1939,1914.3885607720003,0.001893296
1940,1914.6703443529987,0.001893547
1941,1914.949725628001,0.001895287
1942,1915.226191998001,0.001898043
1943,1915.5076351169992,0.001900747
1944,1915.7861557010037,0.001902868
1945,1916.0643920900038,0.001904767
1946,1916.344799519,0.001907461
1947,1916.626681804999,0.001909939
1948,1916.9058003430036,0.001910526
1949,1917.1858148579995,0.00191074
1950,1917.467032433,0.001911397
1951,1917.7468032840043,0.001910543
1952,1918.027365685004,0.001908214
1953,1918.3071761140018,0.001906612
1954,1918.5898513799984,0.001906258
1955,1918.8704452520033,0.001905883
1956,1919.1524457940031,0.001904738
1957,1919.432381630002,0.001902694
1958,1919.7132539750019,0.001900303
1959,1919.9942717560043,0.001898717
1960,1920.2746996880014,0.001898444
1961,1920.555211068,0.001899037
1962,1920.835864544002,0.001899603
1963,1921.1163964279986,0.001899728
1964,1921.3984107979995,0.001899545
1965,1921.6807098389982,0.001899573
1966,1921.9617743499984,0.001900101
1967,1922.2449646000023,0.001900291
1968,1922.5258345609982,0.001900166
1969,1922.8074383740022,0.001900938
1970,1923.088042260002,0.001902429
1971,1923.3684945109999,0.001903393
1972,1923.650328636999,0.00190311
1973,1923.9312815669982,0.001902171
1974,1924.217022419005,0.001902058
1975,1924.4984345440025,0.001903094
1976,1924.7792301180016,0.001904496
1977,1925.0620589259997,0.00190527
1978,1925.3432807930003,0.001904866
1979,2005.380710602003,0.001904435
1980,2005.6635808950014,0.001904708
1981,2005.9434685710003,0.001904305
1982,2006.224526883001,0.001902178
1983,2006.5070800789981,0.001899015
1984,2006.7886991510022,0.00189603
1985,2007.0713782320017,0.001894456
1986,2007.352396965005,0.00189397
1987,2007.6326274880048,0.001892753
1988,2007.9135160450023,0.001890911
1989,2008.1939926150008,0.001890083
1990,2008.4775533680004,0.001890669
1991,2008.758286477001,0.001891607
1992,2009.0377225880002,0.001892397
1993,2009.3184485439997,0.001893034
1994,2009.6011967660015,0.001894062
1995,2009.8857455260004,0.0018962
1996,2010.1718025209993,0.001899714
1997,2010.4538688660032,0.00190369
1998,2010.7350893030016,0.001904713
1999,2011.016279221003,0.001901449
2000,2011.2977657320007,0.001896506
2001,2011.580433369003,0.001891786
2002,2011.8599309929996,0.001887573
2003,2012.141463757005,0.001883955
2004,2012.4234457019993,0.001880505
2005,2012.7050728800023,0.001878296
2006,2012.9857683189985,0.001878273
2007,2013.2674884799999,0.001878024
2008,2013.547295094002,0.001876718
2009,2013.8277878770023,0.001875426
2010,2014.1084680560016,0.001875024
2011,2014.3894672399983,0.00187696
2012,2014.6711778649988,0.001880198
2013,2014.951604367001,0.001881732
2014,2015.231946945998,0.001881382
2015,2015.5135335930026,0.001881624
2016,2015.7946929940008,0.001882653
2017,2016.075980663998,0.001882946
2018,2016.3547244080037,0.001883128
2019,2016.6355443010034,0.001884148
2020,2016.9175109870048,0.001885505
2021,2017.1970677380014,0.001886524
2022,2017.4799089439985,0.001886043
2023,2017.7617950440035,0.001884546
2024,2018.0421094900012,0.001883777
2025,2018.3243727689987,0.001883884
2026,2018.6056609160005,0.001884688
2027,2018.8872618680034,0.001886184
2028,2019.1676936150034,0.001888563
2029,2019.4477744110045,0.001891121
2030,2019.7295284280044,0.001893408
2031,2020.0097637180006,0.001896009
2032,2020.2909264570044,0.00189699
2033,2020.5734453210025,0.001895498
2034,2020.8523855210005,0.001893956
2035,2021.1332044610026,0.001892074
2036,2021.413090228998,0.001888963
2037,2021.6922883990046,0.001887049
2038,2021.9749937060042,0.001888258
2039,2022.257479191001,0.001892043
2040,2022.5375499729998,0.001895603
2041,2022.817476273005,0.001896713
2042,2023.099262238,0.001896256
2043,2023.3794264800017,0.001895063
2044,2023.6600098609997,0.001893366
2045,2023.940632343998,0.00189185
2046,2024.222079277999,0.001890492
2047,2024.5047206880045,0.001888746
2048,2024.7860341080013,0.00188686
2049,2025.0654425629982,0.001886746
2050,2025.346835137003,0.001889002
2051,2025.6276559830003,0.001891473
2052,2025.9093756680013,0.001893256
2053,2026.1913013459998,0.001895083
2054,2026.4742593769988,0.001896993
2055,2026.7554578790005,0.001898193
2056,2027.036106587002,0.001897577
2057,2027.3169507979983,0.00189523
2058,2027.5976157190016,0.001892436
2059,2027.8776607520049,0.001890245
2060,2028.1562275890028,0.00188909
2061,2028.4383087160022,0.001888723
2062,2028.7197632790048,0.001889392
2063,2029.0030474669984,0.001891496
2064,2029.282938481003,0.001894267
2065,2029.5629754070033,0.001896803
2066,2029.843788623999,0.001899661
2067,2030.1255335809983,0.001903744
2068,2030.4094462400026,0.001908454
2069,2030.6920390130035,0.001911439
2070,2030.9719944000026,0.001911337
2071,2031.2514667520009,0.001909572
2072,2031.5335836419981,0.001907487
2073,2031.813957215003,0.001905531
2074,2032.0952386860008,0.001903846
2075,2032.3752322200016,0.001903056
2076,2032.65669489,0.001903759
2077,2032.9377050399999,0.001905469
2078,2033.2195019729988,0.00190808
2079,2033.5017070770045,0.001911127
2080,2033.7819666869982,0.001913409
2081,2034.0631222730008,0.001914306
2082,2034.3442916870044,0.001913545
2083,2034.6254343990004,0.001911146
2084,2034.9080395700003,0.001908722
2085,2035.1908917430046,0.001908599
2086,2035.4723038680022,0.001910597
2087,2035.754183293,0.001913874
2088,2036.0339283950016,0.001918018
2089,2116.4312005050015,0.001919607
2090,2116.711394310005,0.001916946
2091,2116.991013527004,0.001912534
2092,2117.2720746999985,0.00190712
2093,2117.555150033004,0.001901682
2094,2117.836510658999,0.001899802
2095,2118.1172900200036,0.00190252
2096,2118.397162437999,0.001907158
2097,2118.6763119700045,0.001910561
2098,2118.956477642998,0.001912204
2099,2119.235573292004,0.001914986
2100,2119.5159811980047,0.001918517
2101,2119.796307087003,0.001918544
2102,2120.0760087970048,0.001915636
2103,2120.3574156770046,0.001911591
2104,2120.638973713001,0.001905697
2105,2120.920497895,0.001900022
2106,2121.2023057940023,0.001897039
2107,2121.483500004004,0.001895948
2108,2121.763265610003,0.001895855
2109,2122.044635295999,0.001897593
2110,2122.324983120001,0.001899271
2111,2122.60663414,0.001898384
2112,2122.8865361220014,0.00189691
2113,2123.1676387789994,0.001896325
2114,2123.4481835370025,0.001894671
2115,2123.729865551002,0.001891246
2116,2124.0102400780015,0.001888249
2117,2124.289427281001,0.001885975
2118,2124.569774151001,0.001883324
2119,2124.849188805005,0.001881422
2120,2125.1317071919984,0.001880461
2121,2125.4119129190003,0.001880142
2122,2125.694168091002,0.00188176
2123,2125.9754033089994,0.001885957
2124,2126.257337570998,0.0018913
2125,2126.536653519004,0.001894256
2126,2126.8168530469993,0.001893663
2127,2127.0979366309984,0.001891776
2128,2127.379300594999,0.001889705
2129,2127.6599230770007,0.001886957
2130,2127.94073391,0.001883271
2131,2128.222996712,0.001879727
2132,2128.5032343870043,0.001877596
2133,2128.7845964439985,0.001877177
2134,2129.0665168769992,0.001878421
2135,2129.3474311829996,0.001880618
2136,2129.627800465001,0.001882195
2137,2129.909295083002,0.001882097
2138,2130.189765930998,0.001880638
2139,2130.4747943879993,0.00187895
2140,2130.7613816270023,0.001877671
2141,2131.0444173819997,0.001876938
2142,2131.3255763060006,0.001876716
2143,2131.6068205839983,0.00187742
2144,2131.8871960640026,0.001879811
2145,2132.1679668430006,0.001881809
2146,2132.449658393998,0.001881355
2147,2132.7301182750016,0.001880368
2148,2133.0094056130038,0.001880666
2149,2133.290573596998,0.00188159
2150,2133.570925236003,0.001881203
2151,2133.8514380460038,0.001878424
2152,2134.1322798730034,0.001875521
2153,2134.413584710004,0.001874941
2154,2134.6943430910032,0.001876209
2155,2134.9766116149985,0.001877403
2156,2135.2584166529996,0.001878553
2157,2135.5398316389983,0.001880297
2158,2135.822776795001,0.001881619
2159,2136.103406430004,0.001883106
2160,2136.383520127005,0.001885261
2161,2136.663502217001,0.001886443
2162,2136.943793297003,0.001885797
2163,2137.2274203310008,0.001884491
2164,2137.5078382499996,0.001883748
2165,2137.7877149589985,0.001883582
2166,2138.068280697,0.001883072
2167,2138.347737313001,0.001883257
2168,2138.6311345110007,0.001885636
2169,2138.912526608001,0.00188751
2170,2139.194564343001,0.001887077
2171,2139.4732260710007,0.001886685
2172,2139.754475116999,0.00188731
2173,2140.0381412510033,0.001887506
2174,2140.3205900200046,0.001887976
2175,2140.6014966970033,0.001889924
2176,2140.8815073970036,0.001891795
2177,2141.1607975959996,0.001893375
2178,2141.4423007970036,0.001895959
2179,2141.7246351249996,0.001898028
2180,2142.0060734750004,0.001897929
2181,2142.287428856005,0.001896114
2182,2142.5678529740035,0.001893355
2183,2142.849088669005,0.001891307
2184,2143.131375789999,0.001890877
2185,2143.4112033850033,0.001891402
2186,2143.692344189003,0.001892215
2187,2143.9728083619993,0.001892463
2188,2144.2529883390016,0.001892232
2189,2144.5336585050027,0.001892135
2190,2144.8158226020023,0.001891643
2191,2145.0958275800003,0.001890084
2192,2145.3762540820026,0.001888039
2193,2145.657403946003,0.001887003
2194,2145.9367213250007,0.001886975
2195,2146.2183113100036,0.001886733
2196,2146.499413014004,0.001886372
2197,2146.7793593410024,0.001885926
2198,2147.0599136360033,0.001885974
2199,2227.427624226002,0.001886738
2200,2227.7064423570046,0.00188539
2201,2227.9879403119994,0.001880744
2202,2228.268374444,0.001875607
2203,2228.5488758089996,0.001872053
2204,2228.8301725390047,0.001868882
2205,2229.1119089130007,0.001865174
2206,2229.3925180439983,0.00186202
2207,2229.6748342520004,0.001859875
2208,2229.956365586004,0.001857406
2209,2230.236782551001,0.001855388
2210,2230.518331528001,0.001854988
2211,2230.799786568001,0.001854319
2212,2231.0791707040044,0.00185338
2213,2231.3609347349993,0.001852326
2214,2231.6425371170044,0.001851074
2215,2231.922583104002,0.001851447
2216,2232.203427792003,0.001853769
2217,2232.485014439,0.001857108
2218,2232.765102864003,0.001860435
2219,2233.0445613870033,0.001863126
2220,2233.3254857069987,0.001864152
2221,2233.6062169080033,0.001863119
2222,2233.887003898999,0.001861892
2223,2234.167870522004,0.001861472
2224,2234.446648121004,0.001861949
2225,2234.726529122003,0.001863086
2226,2235.0075154310034,0.001863726
2227,2235.288645268003,0.001863635
2228,2235.5688982010033,0.001863238
2229,2235.848584176005,0.001863259
2230,2236.130550861999,0.001863861
2231,2236.412622929005,0.001863769
2232,2236.6929602630044,0.001862425
2233,2236.974137306999,0.00186118
2234,2237.2545542720036,0.001860795
2235,2237.534981251003,0.001860931
2236,2237.819090844001,0.001861442
2237,2238.102094173999,0.001861902
2238,2238.3850488669996,0.001862348
2239,2238.665619373998,0.001863279
2240,2238.9473528870003,0.001865049
2241,2239.228523732003,0.00186777
2242,2239.509740829999,0.001870397
2243,2239.7913107880013,0.001871722
2244,2240.0718808180027,0.001872104
2245,2240.3545861250022,0.001872339
2246,2240.635195256,0.001872645
2247,2240.9164514549993,0.001872978
2248,2241.1966753009983,0.001873707
2249,2241.4783477790043,0.001874489
2250,2241.759457111999,0.001874529
2251,2242.0413990029992,0.0018743
2252,2242.322299958003,0.001874054
2253,2242.600792408004,0.001873317
2254,2242.881727218999,0.001871917
2255,2243.162142277004,0.001870625
2256,2243.4423575410037,0.001870416
2257,2243.724138260004,0.001871726
2258,2244.004840374,0.001874096
2259,2244.284526825002,0.001876569
2260,2244.5654921540045,0.001878883
2261,2244.8452425010037,0.001880728
2262,2245.123060704005,0.00188131
2263,2245.4042725570034,0.001880364
2264,2245.684597970001,0.001878747
2265,2245.965869427004,0.001877682
2266,2246.2459621430025,0.001877363
2267,2246.5325961120034,0.001876926
2268,2246.813140393002,0.001875571
2269,2247.093478679999,0.001873158
2270,2247.374337674002,0.001870473
2271,2247.654463292005,0.001868962
2272,2247.935137272005,0.001869566
2273,2248.215292931003,0.001871691
2274,2248.496541024004,0.001874005
2275,2248.777101517,0.001874824
2276,2249.058260441001,0.001874547
2277,2249.3381776809983,0.001875168
2278,2249.6171493529982,0.001876046
2279,2249.8982806210042,0.001876495
2280,2250.1788206109995,0.001876542
2281,2250.4559812549996,0.001876751
2282,2250.735364437998,0.001878508
2283,2251.015995503003,0.001881336
2284,2251.297040463003,0.001883645
2285,2251.5831837660007,0.001884443
2286,2251.864463329999,0.001884205
2287,2252.1449742320037,0.001883341
2288,2252.4240341190016,0.00188154
2289,2252.706984520002,0.001880163
2290,2252.9869527820047,0.001880654
2291,2253.2669978150007,0.00188307
2292,2253.548547268001,0.001885836
2293,2253.831883908002,0.001887346
2294,2254.1131877900043,0.001887924
2295,2254.3945941929996,0.001887197
2296,2254.6757078180017,0.001884996
2297,2254.956562520005,0.001882733
2298,2255.239113331001,0.00188179
2299,2255.523065567002,0.001882153
2300,2255.804039956005,0.001881821
2301,2256.086340905,0.001879439
2302,2256.3673095710037,0.001876048
2303,2256.648361683001,0.001873793
2304,2256.9284296039987,0.001873667
2305,2257.2099261289986,0.001875308
2306,2257.4894580850014,0.001878062
2307,2257.770905972,0.001880782
2308,2258.0520958909983,0.001882878
2309,2338.3494009979986,0.001883482
2310,2338.632400989998,0.001881718
2311,2338.9144597060003,0.001877839
2312,2339.194973468999,0.001871899
2313,2339.475599766003,0.001865298
2314,2339.758672238,0.001860375
2315,2340.0407972340035,0.00185836
2316,2340.322791577004,0.001859148
2317,2340.6027312279984,0.001861233
2318,2340.88438797,0.001862733
2319,2341.1651153569983,0.001863982
2320,2341.4459395410013,0.001865902
2321,2341.7267999649994,0.0018671
2322,2342.006926537004,0.001865642
2323,2342.288922309999,0.001862085
2324,2342.5701479920026,0.001859423
2325,2342.8507723810035,0.001858893
2326,2343.133333206999,0.001859486
2327,2343.4141826630002,0.00186037
2328,2343.6948695190003,0.001860918
2329,2343.975101470998,0.001860511
2330,2344.2561063770045,0.001859712
2331,2344.5347242360003,0.001859251
2332,2344.8158187869994,0.001859693
2333,2345.0964832309983,0.001861897
2334,2345.3755145079995,0.001864469
2335,2345.656825543003,0.00186571
2336,2345.9365711220016,0.001866307
2337,2346.218288422002,0.001867078
2338,2346.5011439330046,0.001867674
2339,2346.782222271002,0.001867837
2340,2347.065001488001,0.001867724
2341,2347.343759537005,0.001867468
2342,2347.6262359620014,0.001867492
2343,2347.907840729,0.001868691
2344,2348.189393521003,0.001870931
2345,2348.4702138909997,0.001872617
2346,2348.750214577005,0.001872632
2347,2349.0312147150034,0.001871718
2348,2349.3122153290024,0.001871954
2349,2349.595396042001,0.001873641
2350,2349.8763694770023,0.001875984
2351,2350.156401635002,0.001878869
2352,2350.439264298002,0.001880701
2353,2350.7207522399985,0.001880023
2354,2351.0038390160043,0.001877496
2355,2351.2870545390033,0.001873738
2356,2351.570889473005,0.001870111
2357,2351.850301743005,0.00186879
2358,2352.1299114229987,0.001868935
2359,2352.4092326169994,0.00186862
2360,2352.6872220040023,0.001868497
2361,2352.966233731,0.001869424
2362,2353.2451152810027,0.001870663
2363,2353.523122311002,0.00187132
2364,2353.8055644039996,0.001871896
2365,2354.087441921998,0.001874134
2366,2354.3688550000006,0.001878656
2367,2354.651790142998,0.001883543
2368,2354.931785583998,0.001887566
2369,2355.2144899370032,0.001891424
2370,2355.4970197680013,0.001894429
2371,2355.7777781490004,0.001896083
2372,2356.0591950419985,0.001896432
2373,2356.339953900002,0.001895206
2374,2356.6211590770035,0.001894395
2375,2356.901627541003,0.001895524
2376,2357.184511184998,0.001897351
2377,2357.4660563470024,0.001898784
2378,2357.7480888370046,0.0018994
2379,2358.0313606269992,0.001898518
2380,2358.3114895830004,0.001896342
2381,2358.5933694839987,0.001893746
2382,2358.8755898480013,0.001891062
2383,2359.1594038010007,0.001888295
2384,2359.440119744002,0.001886102
2385,2359.7215409280034,0.001885578
2386,2360.0030555730045,0.001887692
2387,2360.2857670790036,0.001892895
2388,2360.568956852003,0.001899401
2389,2360.8496017459984,0.001905321
2390,2361.130694389998,0.001909947
2391,2361.4148883820017,0.001911434
2392,2361.6963281639983,0.001909329
2393,2361.9779472360024,0.00190469
2394,2362.2584714890036,0.001898391
2395,2362.540867806005,0.001892776
2396,2362.8240418440037,0.001889286
2397,2363.1068301210034,0.001887173
2398,2363.3883199699994,0.001886145
2399,2363.668914795002,0.001886166
2400,2363.9510149960042,0.001887183
2401,2364.233745575002,0.00188976
2402,2364.5139007570033,0.001893547
2403,2364.7971057899995,0.001897013
2404,2365.0785017020025,0.001899861
2405,2365.358880520005,0.001902492
2406,2365.6397933960034,0.001904752
2407,2365.9221920970012,0.001906369
2408,2366.2039713859995,0.001905603
2409,2366.4849925050003,0.001901957
2410,2366.7677907949983,0.001898543
2411,2367.0497570040025,0.001897371
2412,2367.3312029840017,0.001897541
2413,2367.613230228999,0.001898032
2414,2367.8946681029993,0.001898364
2415,2368.176067829998,0.001898008
2416,2368.4587206850047,0.001897262
2417,2368.7413864140035,0.001895976
2418,2369.0247702600027,0.001894024
2419,2449.2757244110035,0.001891498
2420,2449.5567502980048,0.001886749
2421,2449.8367605210005,0.001879561
2422,2450.1157279020044,0.001871752
2423,2450.396762372002,0.001865234
2424,2450.677725792004,0.001861321
2425,2450.956761360998,0.001859873
2426,2451.2367506029987,0.001859653
2427,2451.5177593240005,0.00185999
2428,2451.7977533349986,0.001861285
2429,2452.0777664190027,0.001862973
2430,2452.3567709929994,0.001863964
2431,2452.6367526059985,0.00186455
2432,2452.918725968004,0.001865164
2433,2453.1987619400024,0.001865625
2434,2453.4807281500034,0.001865982
2435,2453.7607593540015,0.001866628
2436,2454.040727616004,0.00186681
2437,2454.320900441002,0.001865702
2438,2454.6031069759993,0.00186453
2439,2454.882558823003,0.001864116
2440,2455.161153317,0.001863694
2441,2455.439571857998,0.001862483
2442,2455.719102383002,0.001860512
2443,2455.9966015820028,0.0018591
2444,2456.2756085400033,0.001859386
2445,2456.559607029005,0.001859587
2446,2456.8456101420015,0.001858091
2447,2457.1296081550026,0.001856454
2448,2457.4206085210026,0.001856407
2449,2457.703758716998,0.001857525
2450,2457.9859223370004,0.001858188
2451,2458.268215657001,0.001858019
2452,2458.549118519004,0.00185763
2453,2458.8293237690013,0.001857043
2454,2459.1087269790005,0.001856508
2455,2459.3940191270012,0.001857378
2456,2459.6758813859997,0.001859821
2457,2459.956684113,0.00186136
2458,2460.2371287350034,0.001860921
2459,2460.5182604790025,0.001860281
2460,2460.799882889005,0.001860796
2461,2461.077926636004,0.001861735
2462,2461.358096600001,0.001862301
2463,2461.639311314,0.00186308
2464,2461.918802262,0.001863944
2465,2462.1995897300003,0.001864215
2466,2462.478456021003,0.001864105
2467,2462.7586398130006,0.001863885
2468,2463.0396895410013,0.001863992
2469,2463.3197579390035,0.00186524
2470,2463.601219178003,0.001867289
2471,2463.8814163210045,0.001868322
2472,2464.163778782,0.001867961
2473,2464.4474768639993,0.001868262
2474,2464.733900070998,0.001869319
2475,2465.0197534570034,0.001869608
2476,2465.302490711998,0.001868978
2477,2465.585801125002,0.001868341
2478,2465.8683242800034,0.001869294
2479,2466.151412487001,0.001871015
2480,2466.435754776001,0.001870904
2481,2466.719664574004,0.001869418
2482,2467.0059704790037,0.001868204
2483,2467.291807652,0.001867557
2484,2467.5783033379994,0.001867838
2485,2467.8590354920016,0.001868692
2486,2468.1404495239985,0.001869205
2487,2468.425914765001,0.00186978
2488,2468.710955143004,0.00187033
2489,2468.995947838004,0.001870374
2490,2469.2803564080023,0.001870858
2491,2469.562840462,0.001872376
2492,2469.8431859019984,0.001874056
2493,2470.1228327760036,0.001874956
2494,2470.405056954005,0.001875099
2495,2470.684461117002,0.001874587
2496,2470.965816497999,0.001873108
2497,2471.243268490005,0.001870821
2498,2471.5230121620043,0.001869313
2499,2471.8037056930043,0.001869334
2500,2472.084280490999,0.001869992
2501,2472.3648300179993,0.001871091
2502,2472.6479563719986,0.001872787
2503,2472.928563118003,0.001874607
2504,2473.208539486004,0.00187633
2505,2473.491660118998,0.001877455
2506,2473.7742757800006,0.001877155
2507,2474.0597333910046,0.001876083
2508,2474.346728802004,0.001875051
2509,2474.6347279550027,0.001874098
2510,2474.9197649960042,0.001873047
2511,2475.2057566650037,0.001871998
2512,2475.490248204005,0.001872131
2513,2475.774675847002,0.001873798
2514,2476.061304093004,0.001875349
2515,2476.345465184,0.001876397
2516,2476.6270942690026,0.001877344
2517,2476.9112892160047,0.001877029
2518,2477.195147038001,0.00187509
2519,2477.4781508450033,0.001872442
2520,2477.762846947,0.001869911
2521,2478.046843529002,0.001868069
2522,2478.3286914830023,0.001867512
2523,2478.611691475002,0.00186847
2524,2478.8956913950024,0.001870735
2525,2479.178694249,0.001873749
2526,2479.4604835510036,0.001875929
2527,2479.7431607250037,0.001876484
2528,2480.0272550590016,0.001876577
2529,2560.223640919001,0.001874699
2530,2560.5048394210025,0.001868895
2531,2560.7870173460033,0.001861941
2532,2561.068264485002,0.001856277
2533,2561.3489089020004,0.001852251
2534,2561.6304945950033,0.001850448
2535,2561.911334037999,0.001850462
2536,2562.192458153004,0.001850945
2537,2562.4736843110004,0.001851864
2538,2562.7555732730034,0.001852955
2539,2563.036329747003,0.001853371
2540,2563.319622517003,0.001853137
2541,2563.599701881998,0.001852601
2542,2563.8822870260046,0.001851959
2543,2564.1629762650045,0.00185098
2544,2564.443015099001,0.001850559
2545,2564.7231431010005,0.001851582
2546,2565.0056300170036,0.001853084
2547,2565.286037922,0.001853754
2548,2565.5663766869984,0.001853585
2549,2565.8461928370016,0.001853187
2550,2566.130205155001,0.001852286
2551,2566.411503315001,0.001850982
2552,2566.6916480069995,0.001849817
2553,2566.973413468004,0.001848343
2554,2567.252514840002,0.001847044
2555,2567.533059597001,0.001847317
2556,2567.8121824269983,0.001849273
2557,2568.0905027390036,0.001852451
2558,2568.3707661630033,0.001855834
2559,2568.6521997460004,0.001858355
2560,2568.9339127550047,0.001859142
2561,2569.2212104799983,0.00185743
2562,2569.5036077500044,0.001854768
2563,2569.784839631,0.00185352
2564,2570.0693116190014,0.001853878
2565,2570.3511338239987,0.001854911
2566,2570.632094861001,0.001856192
2567,2570.913446904,0.001856415
2568,2571.192674637001,0.001855072
2569,2571.4723992350046,0.001855081
2570,2571.7530131340027,0.001857504
2571,2572.0336942680005,0.001860424
2572,2572.3118424420027,0.001862687
2573,2572.590642453004,0.001863967
2574,2572.8710889819995,0.001864472
2575,2573.151564122003,0.001864272
2576,2573.4301671990033,0.001863357
2577,2573.7112112050017,0.001861859
2578,2573.991446019005,0.001860451
2579,2574.2712788589997,0.001859073
2580,2574.552732945005,0.001857654
2581,2574.832502366,0.00185777
2582,2575.112861157002,0.001859464
2583,2575.393064023003,0.00186115
2584,2576.2885193830007,0.001862541
2585,2577.3263115890004,0.001864329
2586,2577.6051816940017,0.001865023
2587,2577.885604382005,0.001863366
2588,2578.1679844860046,0.00186137
2589,2578.450407504999,0.001860231
2590,2578.7326054580044,0.001860259
2591,2579.0136270529983,0.00186186
2592,2579.2945456509988,0.001864237
2593,2579.575532914001,0.001866889
2594,2579.855492114999,0.001868762
2595,2580.135815144,0.001868811
2596,2580.4171538360024,0.001868098
2597,2580.699250222002,0.001867171
2598,2580.979372501999,0.00186595
2599,2581.2608928690024,0.001864586
2600,2581.542977334,0.001862158
2601,2581.824739456999,0.001858999
2602,2582.104207039003,0.001857555
2603,2582.3842873579997,0.001858695
2604,2582.6658782960003,0.001860859
2605,2582.944119454005,0.00186295
2606,2583.222869874,0.001865106
2607,2583.5027689940034,0.001866448
2608,2583.7830452920025,0.00186612
2609,2584.0632953649983,0.001866006
2610,2584.342847824999,0.00186717
2611,2584.6232361799994,0.001868339
2612,2584.9036588669987,0.001868807
2613,2585.184008122,0.001868467
2614,2585.4615387919985,0.001868014
2615,2585.741321087,0.001867954
2616,2586.022632123,0.001868328
2617,2586.302927018005,0.001869416
2618,2586.583364487,0.001870672
2619,2586.8642678270044,0.001870852
2620,2587.1452403069998,0.001869839
2621,2587.4246993070046,0.001869041
2622,2587.7055969240027,0.001869318
2623,2587.9853811270004,0.001870301
2624,2588.2676696780036,0.00187131
2625,2588.5453248030026,0.001872071
2626,2588.8254823690004,0.001873154
2627,2589.104427338003,0.001875842
2628,2589.385156632001,0.001879886
2629,2589.6658782960003,0.001882727
2630,2589.9449906349982,0.001882901
2631,2590.2250261310037,0.001880974
2632,2590.505177498002,0.001878511
2633,2590.7870769510046,0.001877291
2634,2591.067947864998,0.00187785
2635,2591.3482961660047,0.001878995
2636,2591.6279582979987,0.001879756
2637,2591.907143593002,0.001880938
2638,2592.1863765720045,0.001883177
2639,2672.8252830510028,0.001884401
2640,2673.116117001002,0.001881782
2641,2673.4021654130047,0.001875569
2642,2673.6862993239993,0.001867897
2643,2673.969178200001,0.001861356
2644,2674.2495307930003,0.001857116
2645,2674.530921935999,0.001854247
2646,2674.8145308500025,0.001852157
2647,2675.0947661399987,0.001850717
2648,2675.3757596020005,0.001849667
2649,2675.656451226001,0.00184922
2650,2675.936637402003,0.00185109
2651,2676.2159929280024,0.001854907
2652,2676.4963946350035,0.001857687
2653,2676.7763266570037,0.001859158
2654,2677.056800842998,0.001860429
2655,2677.3388323789986,0.001860602
2656,2677.6214294439997,0.001859046
2657,2677.902903080001,0.001856697
2658,2678.182796478999,0.001854521
2659,2678.462605477005,0.001853736
2660,2678.7419137960023,0.001854829
2661,2679.0223889359986,0.001856473
2662,2679.3027434350006,0.001857636
2663,2679.5841417320044,0.001859287
2664,2679.864504338002,0.001861738
2665,2680.145175933998,0.001862691
2666,2680.425655365005,0.001860786
2667,2680.7059412009985,0.001858385
2668,2680.9861884120037,0.001857521
2669,2681.267327309004,0.00185706
2670,2681.547213555001,0.001856506
2671,2681.8286957750024,0.001856621
2672,2682.108570576005,0.001857483
2673,2682.3877782830023,0.001858728
2674,2682.6690959940024,0.001860238
2675,2682.9484205250046,0.001861341
2676,2683.2290344240027,0.001861474
2677,2683.5103583340024,0.00186143
2678,2683.791913510002,0.001861802
2679,2684.0727663040016,0.001862466
2680,2684.353066921998,0.001862398
2681,2684.6326713570015,0.001861232
2682,2684.912142277004,0.001860613
2683,2685.192083836002,0.001861186
2684,2685.473738671004,0.001862368
2685,2685.756027222,0.001863715
2686,2686.0371027,0.001863661
2687,2686.3190689090043,0.001862121
2688,2686.599925995004,0.001861087
2689,2686.8800897600013,0.001860343
2690,2687.160803318002,0.001860035
2691,2687.4396204950026,0.001860868
2692,2687.7216787340003,0.001861017
2693,2688.0024290090005,0.001860692
2694,2688.284049988004,0.001861205
2695,2688.5647139549983,0.001861695
2696,2688.8460702900047,0.001861992
2697,2689.126289368003,0.001863085
2698,2689.406350613004,0.001865254
2699,2689.687264443004,0.001866793
2700,2689.967850209003,0.001866382
2701,2690.2472572330007,0.001864995
2702,2690.5282478340014,0.001864402
2703,2690.8099799160045,0.001865142
2704,2691.090055466004,0.001866441
2705,2691.3700656900037,0.001868097
2706,2691.6496639260004,0.001869173
2707,2691.9305887230003,0.001869051
2708,2692.2094135290026,0.001868942
2709,2692.489332199999,0.001868644
2710,2692.7685608870015,0.001866885
2711,2693.049223423004,0.001864689
2712,2693.3360400200036,0.001863504
2713,2693.616450310001,0.001863315
2714,2693.897951127001,0.001863775
2715,2694.1784634590003,0.001863976
2716,2694.458611012,0.001863307
2717,2694.738947869002,0.001862324
2718,2695.0200114250038,0.001861672
2719,2695.300889969003,0.001861212
2720,2695.5832853320026,0.001861222
2721,2695.8679513940006,0.001861386
2722,2696.147835255004,0.001861555
2723,2696.429088116005,0.001863231
2724,2696.708091736,0.001866577
2725,2696.988893032998,0.001869828
2726,2697.2699055679986,0.001871459
2727,2697.5498628620044,0.001871777
2728,2697.830483436999,0.001871941
2729,2698.1104965210034,0.001871974
2730,2698.391586780999,0.00187124
2731,2698.671430111004,0.001870185
2732,2698.952283383005,0.001869569
2733,2699.233162880002,0.001868805
2734,2699.514065743002,0.001867824
2735,2699.795617581003,0.001868527
2736,2700.0759468079996,0.001871357
2737,2700.3562145239994,0.0018745
2738,2700.6364078530023,0.001876622
2739,2700.918402672003,0.001877241
2740,2701.199805737,0.001877036
2741,2701.479784488998,0.001877451
2742,2701.761552333999,0.001878891
2743,2702.041579247001,0.00188015
2744,2702.324019432999,0.001879339
2745,2702.603415013,0.001876064
2746,2702.8845515260036,0.001871618
2747,2703.1648974420023,0.001867773
2748,2703.4449796679983,0.001865679
2749,2783.981567859999,0.001863871
2750,2784.261822223998,0.001860141
2751,2784.5421185500018,0.001855307
2752,2784.8220253000036,0.001851266
2753,2785.103286744001,0.001848226
2754,2785.3853240020035,0.001846088
2755,2785.666106700999,0.001844722
2756,2785.947508336001,0.001843968
2757,2786.2292351729993,0.001843779
2758,2786.5090737350038,0.001843294
2759,2786.7891330720013,0.001842632
2760,2787.070608615999,0.001843027
2761,2787.3513469700047,0.001844477
2762,2787.633038044005,0.00184624
2763,2787.9143376360007,0.001847803
2764,2788.194926739001,0.001848954
2765,2788.475111962005,0.001850258
2766,2788.7553119660006,0.001852328
2767,2789.0360121730046,0.00185509
2768,2789.3167662630003,0.001858134
2769,2789.5982847220002,0.001861454
2770,2789.8800511360023,0.001865267
2771,2790.160241604004,0.00186863
2772,2790.4428424840007,0.001870076
2773,2790.7239451409987,0.001869208
2774,2791.0058879860007,0.001866888
2775,2791.286099910998,0.001864945
2776,2791.5671491629982,0.001865288
2777,2791.8468370440023,0.001867466
2778,2792.126969814999,0.001869028
2779,2792.4072494510037,0.001869375
2780,2792.6872482300023,0.00186958
2781,2792.968667031004,0.001869183
2782,2793.249356747001,0.001868162
2783,2793.529248715,0.001867924
2784,2793.8121423730045,0.001868175
2785,2794.0980119710002,0.001868695
2786,2794.383008003999,0.001869244
2787,2794.665084838998,0.001868715
2788,2794.948800087004,0.001868441
2789,2795.231052399002,0.001870264
2790,2795.511991024003,0.001873447
2791,2795.793642520999,0.001875862
2792,2796.0735731130044,0.001876434
2793,2796.3543729790035,0.001876216
2794,2796.6346349720043,0.001875412
2795,2796.915242672003,0.001873094
2796,2797.1952829369984,0.001870489
2797,2797.4742136010027,0.001869864
2798,2797.7571835519993,0.00187119
2799,2798.0387697219994,0.001872355
2800,2798.319257736999,0.001871956
2801,2798.6009902959995,0.001870258
2802,2798.883969307004,0.001868217
2803,2799.167973042,0.001866982
2804,2799.4540057190025,0.001866253
2805,2799.7379746439983,0.001865624
2806,2800.0239763260033,0.001865931
2807,2800.310975075001,0.001866473
2808,2800.5959725380017,0.00186642
2809,2800.8821339610004,0.00186633
2810,2801.165281296002,0.001866533
2811,2801.4453973769996,0.001867046
2812,2801.7272930149993,0.001868345
2813,2802.007426739001,0.001871011
2814,2802.2877202040036,0.001874053
2815,2802.568381310004,0.001875714
2816,2802.8476858139984,0.001875939
2817,2803.128043652003,0.001875943
2818,2803.4080953599987,0.00187635
2819,2803.6880435950006,0.001877281
2820,2803.9718275070045,0.001878539
2821,2804.2525625230046,0.001879755
2822,2804.5342049600004,0.001880693
2823,2804.8142185219986,0.001880492
2824,2805.0958967210026,0.001878778
2825,2805.376840591998,0.001877096
2826,2805.6595935830046,0.001876621
2827,2805.9398789410043,0.001876964
2828,2806.2218031890006,0.001877729
2829,2806.5026745799987,0.001878238
2830,2806.783528328,0.001878418
2831,2807.0639028549995,0.001878957
2832,2807.3454790120013,0.001879041
2833,2807.626524926003,0.001877248
2834,2807.9071445470036,0.001875353
2835,2808.188608647004,0.00187533
2836,2808.4685139659996,0.001876272
2837,2808.751695633,0.001877648
2838,2809.033468724003,0.001878905
2839,2809.313605786003,0.001879479
2840,2809.5951461799996,0.001879692
2841,2809.876356601999,0.001880227
2842,2810.158931733,0.001881309
2843,2810.4397954950036,0.001882522
2844,2810.7193980220036,0.001883962
2845,2811.0003161429995,0.001885031
2846,2811.2809433939983,0.001884488
2847,2811.5620641710047,0.001883259
2848,2811.843681336002,0.001882802
2849,2812.1252198220027,0.001882417
2850,2812.4058251390015,0.001881053
2851,2812.686586380005,0.001878596
2852,2812.9670686730024,0.001875964
2853,2813.248631000999,0.00187431
2854,2813.529078006999,0.001872762
2855,2813.810862541999,0.001871203
2856,2814.091372490002,0.001872006
2857,2814.3727087980005,0.001874771
2858,2814.652556897003,0.001876366
2859,2895.3841161730015,0.001875148
2860,2895.668713570005,0.001871282
2861,2895.9514727600035,0.001864772
2862,2896.2320976260016,0.001856597
2863,2896.514116765,0.001849423
2864,2896.795331002002,0.001844619
2865,2897.082367421004,0.001841528
2866,2897.365573406998,0.001838606
2867,2897.648442746002,0.001835949
2868,2897.929358483001,0.001834522
2869,2898.211290359999,0.0018343
2870,2898.4931125650037,0.001835288
2871,2898.7730264670026,0.001836679
2872,2899.0521674160045,0.001837406
2873,2899.333998204005,0.00183721
2874,2899.615665436002,0.001836092
2875,2899.896696091004,0.00183484
2876,2900.180096627002,0.001835367
2877,2900.4633984570028,0.001837492
2878,2900.7446045879988,0.001838889
2879,2901.0257081989985,0.001839047
2880,2901.307005882998,0.001839108
2881,2901.588759899998,0.001840256
2882,2901.8712720879994,0.001842766
2883,2902.152105332003,0.001845747
2884,2902.4335255629994,0.00184741
2885,2902.714431763001,0.001846506
2886,2902.994859696002,0.001844838
2887,2903.279006482,0.001845091
2888,2903.559551238999,0.001847064
2889,2903.841643811,0.001849009
2890,2904.1231660850026,0.00184987
2891,2904.404324531999,0.001849355
2892,2904.6856603630004,0.001847854
2893,2904.9673924450035,0.001845753
2894,2905.250134945003,0.001843637
2895,2905.5303788189995,0.001842625
2896,2905.810155869003,0.001843572
2897,2906.0928578380044,0.001845525
2898,2906.377546788004,0.001846314
2899,2906.6581087119994,0.001846455
2900,2906.9407529840028,0.001846583
2901,2907.2233443260047,0.001845074
2902,2907.513122082004,0.001841802
2903,2907.800162792999,0.001838723
2904,2908.0883760459983,0.001838342
2905,2908.3722348220035,0.001841438
2906,2908.6543154719984,0.001845875
2907,2908.936985970002,0.001848608
2908,2909.218355656005,0.001847974
2909,2909.5020732880002,0.001845199
2910,2909.7840590480046,0.001843116
2911,2910.065948487005,0.0018423
2912,2910.347784520003,0.001841979
2913,2910.6301960950004,0.001842102
2914,2910.913113118004,0.001842649
2915,2911.193853855999,0.001843724
2916,2911.4764323240015,0.001845178
2917,2911.7580432899995,0.001846372
2918,2912.040718078999,0.001847587
2919,2912.322954654999,0.00184903
2920,2912.6048359880006,0.001848827
2921,2912.8873376850024,0.001846809
2922,2913.1700263029998,0.001845043
2923,2913.449102879,0.001843954
2924,2913.729632855,0.001843621
2925,2914.0099220280026,0.001844492
2926,2914.291073323002,0.001846116
2927,2914.574169159001,0.001847881
2928,2914.858281136003,0.001849839
2929,2915.1433048250037,0.001852378
2930,2915.4273219110037,0.001854888
2931,2915.710977554998,0.00185689
2932,2915.9942417150014,0.001858978
2933,2916.2761774070023,0.001860323
2934,2916.5577387810044,0.001860067
2935,2916.8399891860026,0.001858965
2936,2917.120181561004,0.001858199
2937,2917.4022908219995,0.00185935
2938,2917.685471534998,0.001861619
2939,2917.967401505004,0.001862925
2940,2918.2495932579986,0.001862235
2941,2918.5325107579993,0.001859296
2942,2918.8163943300024,0.001856355
2943,2919.098031043999,0.001855659
2944,2919.3780140880044,0.001856996
2945,2919.6588759430015,0.001859165
2946,2919.940509797001,0.001861717
2947,2920.221396924004,0.001864366
2948,2920.5021467210026,0.00186566
2949,2920.784183978998,0.001865043
2950,2921.067285060999,0.001863941
2951,2921.349011422004,0.001862841
2952,2921.6315336230036,0.001861244
2953,2921.913536549,0.001859795
2954,2922.194202423998,0.001859372
2955,2922.477627278,0.001859837
2956,2922.759444714,0.001860544
2957,2923.0417904860005,0.001861345
2958,2923.3227000240004,0.001861657
2959,2923.6038975720003,0.00186117
2960,2923.885718823003,0.00186159
2961,2924.1668896679985,0.001863249
2962,2924.449283599999,0.001863783
2963,2924.7314896590033,0.001862889
2964,2925.0145487789996,0.001861961
2965,2925.2969775200036,0.001861168
2966,2925.5773282060036,0.001860556
2967,2925.859106541,0.001859925
2968,2926.141557217001,0.001860069
2969,3006.4727864270026,0.001861528
2970,3006.7537870410015,0.001861715
2971,3007.0357599260024,0.001858851
2972,3007.315767289001,0.001854447
2973,3007.5967712409984,0.001850734
2974,3007.876811028,0.001847376
2975,3008.157780171001,0.001843226
2976,3008.437788964002,0.001839729
2977,3008.716792584004,0.001837154
2978,3008.995797635005,0.001834563
2979,3009.276835442004,0.001832787
2980,3009.5578398709986,0.001832627
2981,3009.8398542409996,0.001833913
2982,3010.120821000004,0.001835812
2983,3010.402824402001,0.001837696
2984,3010.6838288310028,0.001838162
2985,3010.964835167004,0.001836697
2986,3011.244988919003,0.001836184
2987,3011.525691032999,0.001838209
2988,3011.8066964149984,0.001840198
2989,3012.0867013940006,0.001840575
2990,3012.3667073250035,0.001840955
2991,3012.6467123039984,0.001842029
2992,3012.9267182350013,0.001843576
2993,3013.205722808998,0.001845428
2994,3013.4877281189983,0.00184667
2995,3013.767734050998,0.001847828
2996,3014.04873848,0.001850168
2997,3014.3287444119997,0.001852833
2998,3014.608749390005,0.001853936
2999,3014.889755725999,0.001853392
3000,3015.1707601550006,0.00185288
3001,3015.450765610003,0.001853494
3002,3015.730770588001,0.00185501
3003,3016.011776448002,0.001856465
3004,3016.296968461,0.001857586
3005,3016.5769767770034,0.00185933
3006,3016.856979846998,0.001861901
3007,3017.136984826,0.001864414
3008,3017.4179902079995,0.001866257
3009,3017.697995186005,0.001867033
3010,3017.977000714003,0.001866779
3011,3018.2561407090034,0.001865124
3012,3018.536148072002,0.001863085
3013,3018.818156720001,0.001863537
3014,3019.1021595010025,0.001866447
3015,3019.385163308005,0.001869949
3016,3019.6661705980005,0.001873927
3017,3019.9461755759985,0.001877632
3018,3020.2261800769993,0.001879437
3019,3020.5051851280004,0.00188008
3020,3020.78519106,0.001879069
3021,3021.065194130002,0.001875723
3022,3021.345201493001,0.001872798
3023,3021.62420559,0.001871361
3024,3021.904211522,0.001871417
3025,3022.1842169770025,0.001872294
3026,3022.4642214780033,0.001873145
3027,3022.7442269329986,0.001874449
3028,3023.024248599999,0.001874962
3029,3023.303256512001,0.001874205
3030,3023.5842938429996,0.001873196
3031,3023.8652653700046,0.001872335
3032,3024.145302296005,0.001870836
3033,3024.426307202004,0.001868136
3034,3024.7072811129983,0.00186473
3035,3024.989318371001,0.00186125
3036,3025.2692909250036,0.001858926
3037,3025.5492968559993,0.001858422
3038,3025.829334259004,0.001858883
3039,3026.111307145002,0.001859746
3040,3026.3933501249994,0.001861296
3041,3026.6753163340036,0.001863527
3042,3026.957322121001,0.0018649
3043,3027.2373275760037,0.001864056
3044,3027.517333030999,0.0018621
3045,3027.796339035005,0.001859898
3046,3028.0778546340007,0.001857914
3047,3028.356859684005,0.001856981
3048,3028.636841298001,0.001857451
3049,3028.916844845,0.001858886
3050,3029.1968774800043,0.001859951
3051,3029.4768552780006,0.001860025
3052,3029.756860733003,0.001860264
3053,3030.038868428004,0.001861833
3054,3030.3189067850035,0.001864247
3055,3030.6018786429995,0.001867535
3056,3030.882915973998,0.001871468
3057,3031.1628866200044,0.001874128
3058,3031.4428935059987,0.001875561
3059,3031.7249140740023,0.001876981
3060,3032.004936696001,0.00187777
3061,3032.2849102020045,0.001877459
3062,3032.564947605999,0.00187673
3063,3032.844919682,0.001875092
3064,3033.123964309998,0.001871819
3065,3033.4049639709992,0.001868382
3066,3033.684982300001,0.001866109
3067,3033.9649748810043,0.001865993
3068,3034.245983124005,0.001868083
3069,3034.525952340002,0.001870181
3070,3034.8059897429994,0.001870563
3071,3035.0859656340035,0.001869658
3072,3035.368992806005,0.001868895
3073,3035.6509723670024,0.00186817
3074,3035.9359784129992,0.001867553
3075,3036.2180147180043,0.001867453
3076,3036.4989871979997,0.001868136
3077,3036.7791061410026,0.00186907
3078,3037.0586328510035,0.001868292
3079,3117.348069191001,0.001865282
3080,3117.627236844004,0.00185975
3081,3117.9072408680004,0.001852234
3082,3118.1872472770046,0.001844373
3083,3118.4672522550027,0.001836802
3084,3118.7472586639997,0.001830344
3085,3119.028263569002,0.001826251
3086,3119.3092660910042,0.00182411
3087,3119.5892739300034,0.001822953
3088,3119.8692793849987,0.001822389
3089,3120.1502838140004,0.001821499
3090,3120.4302883150012,0.001820743
3091,3120.7102932929993,0.001820466
3092,3120.9912981989983,0.001819491
3093,3121.2713050849998,0.00181785
3094,3121.5513105400023,0.001817317
3095,3121.831315041003,0.001818379
3096,3122.1123223309987,0.001819007
3097,3122.391326427998,0.001819375
3098,3122.6713328370024,0.001821411
3099,3122.9523353580007,0.001824233
3100,3123.232342244002,0.001825901
3101,3123.5123486520024,0.00182556
3102,3123.7933535580014,0.001823261
3103,3124.074357987003,0.001820788
3104,3124.3553648000016,0.001818969
3105,3124.635370255004,0.001816499
3106,3124.9153742790004,0.001813698
3107,3125.196380139001,0.001811562
3108,3125.4783859259987,0.001811219
3109,3125.758390904004,0.001812603
3110,3126.0403966910017,0.001813522
3111,3126.3224039080014,0.001814612
3112,3126.603406430004,0.001816821
3113,3126.884412766005,0.001818815
3114,3127.1644186980047,0.00182081
3115,3127.4454207419985,0.001823426
3116,3127.725427151003,0.001825901
3117,3128.00543356,0.001827896
3118,3128.284437180002,0.001829499
3119,3128.5644440660035,0.001830226
3120,3128.844449996999,0.001830052
3121,3129.1254553800027,0.001829927
3122,3129.4064598090044,0.001830928
3123,3129.6854653359987,0.001833287
3124,3129.9654712679985,0.001835904
3125,3130.244476796004,0.001837188
3126,3130.5234823229985,0.001836961
3127,3130.8044872290047,0.001835102
3128,3131.084488392,0.001831656
3129,3131.3634939199983,0.001828551
3130,3131.646503926,0.001826803
3131,3131.9275064469984,0.0018268
3132,3132.2105417260027,0.001829021
3133,3132.4897103309995,0.001831866
3134,3132.770981788999,0.001833512
3135,3133.05098629,0.001834341
3136,3133.330991269002,0.001835161
3137,3133.6119971279986,0.001835591
3138,3133.8910031320047,0.001834991
3139,3134.1710081109995,0.001833318
3140,3134.450013161004,0.001831923
3141,3134.729018212005,0.001831834
3142,3135.009024144005,0.001831758
3143,3135.2890286449983,0.001830036
3144,3135.569034100001,0.001827006
3145,3135.849039077999,0.001825111
3146,3136.130043984005,0.001825999
3147,3136.4100508690026,0.001828212
3148,3136.693090916,0.001829751
3149,3136.979701519005,0.001830521
3150,3137.2636737830035,0.001830901
3151,3137.544713973999,0.001831473
3152,3137.8257179260036,0.001832526
3153,3138.1086897850037,0.001833666
3154,3138.3887329110003,0.00183497
3155,3138.667700291,0.001836348
3156,3138.9477248199983,0.001837221
3157,3139.2267107970038,0.00183756
3158,3139.5067524910046,0.00183855
3159,3139.7897601130026,0.001840367
3160,3140.071760177998,0.001841644
3161,3140.352733136002,0.001840454
3162,3140.6337914469987,0.001837018
3163,3140.9157819750035,0.001834187
3164,3141.194787979999,0.001832314
3165,3141.4757542610023,0.00183136
3166,3141.757760048,0.00183229
3167,3142.038764953999,0.001834071
3168,3142.3197693830007,0.001835919
3169,3142.6008114819997,0.001838356
3170,3142.883819104005,0.001840276
3171,3143.163785458004,0.001840086
3172,3143.4438281059993,0.001839192
3173,3143.723833561002,0.001838859
3174,3144.0038557060034,0.001839702
3175,3144.284840584005,0.001843038
3176,3144.5638480190028,0.001846923
3177,3144.843817711,0.001848929
3178,3145.1268644340016,0.001849888
3179,3145.407862664004,0.001850417
3180,3145.6888685230006,0.00184902
3181,3145.9678392409987,0.001846273
3182,3146.2498822220005,0.001844727
3183,3146.530879498001,0.001844975
3184,3146.809894085003,0.001846166
3185,3147.091895581005,0.001847054
3186,3147.3729014400014,0.001847514
3187,3147.6549053199997,0.001848418
3188,3147.9369096759983,0.001849847
3189,3228.1759390840016,0.001849578
3190,3228.457204342005,0.001845171
3191,3228.7372431760014,0.001837697
3192,3229.0209946640025,0.001829772
3193,3229.300661088004,0.001822969
3194,3229.5814538010018,0.001818626
3195,3229.8624610910047,0.001816328
3196,3230.1433238989994,0.001814016
3197,3230.425562381999,0.001811624
3198,3230.705965043002,0.001810214
3199,3230.9865612990034,0.001810057
3200,3231.269110680005,0.001810059
3201,3231.549499034998,0.00180962
3202,3231.831905365005,0.001809828
3203,3232.111790658004,0.001811515
3204,3232.393274785005,0.001814105
3205,3232.674164296004,0.001816128
3206,3232.9535746580004,0.001817518
3207,3233.233110428002,0.001818881
3208,3233.5151586540014,0.001819613
3209,3233.7957501420024,0.00181909
3210,3234.075686932003,0.001817303
3211,3234.3570780759983,0.001815072
3212,3234.636886597,0.001813457
3213,3234.917829514001,0.00181254
3214,3235.199581147004,0.001812546
3215,3235.4813857080007,0.001813716
3216,3235.761106967999,0.00181537
3217,3236.0405740740025,0.001816973
3218,3236.3206601150014,0.001816996
3219,3236.6009049420027,0.001814175
3220,3236.8806991579986,0.001811219
3221,3237.161325932,0.001810485
3222,3237.4415321350025,0.00181103
3223,3237.7243924150025,0.00181265
3224,3238.0047097210045,0.001815746
3225,3238.2854213719984,0.001819547
3226,3238.566557408005,0.001822181
3227,3238.846194745005,0.001823149
3228,3239.1259112359985,0.001823927
3229,3239.408803463004,0.001825005
3230,3239.691289424998,0.001826117
3231,3239.9717617040005,0.001825621
3232,3240.252176285001,0.001822512
3233,3240.534307957001,0.001819621
3234,3240.815189838999,0.00181922
3235,3241.0949597360013,0.001820768
3236,3241.3751430519987,0.001822703
3237,3241.6554088600024,0.001823068
3238,3241.9355754860007,0.0018219
3239,3242.2159643179984,0.001821039
3240,3242.4952526100024,0.001820986
3241,3242.776027202999,0.001821506
3242,3243.0567979820044,0.001823364
3243,3243.3366861350005,0.001826438
3244,3243.617156983004,0.001828593
3245,3243.896992684,0.001829057
3246,3244.1764941220026,0.001828511
3247,3244.4594960219983,0.001827191
3248,3244.741106510999,0.001825816
3249,3245.0221381189986,0.001825263
3250,3245.302464485998,0.001826362
3251,3245.582244397003,0.001828014
3252,3245.8627076150005,0.001828393
3253,3246.1425881390023,0.001827489
3254,3246.425281048003,0.001824889
3255,3246.707839489005,0.001821366
3256,3246.9876303679994,0.001819556
3257,3247.269696713003,0.001820091
3258,3247.551109314001,0.001821288
3259,3247.8321905140037,0.001821597
3260,3248.112979413003,0.001820942
3261,3248.3985500339986,0.001820025
3262,3248.6777887350036,0.001819752
3263,3248.9588918689988,0.001821339
3264,3249.2401685720033,0.00182408
3265,3249.520054341003,0.001825856
3266,3249.801133633002,0.00182647
3267,3250.0827879909993,0.001826576
3268,3250.3645944599994,0.001825802
3269,3250.644649506001,0.001824625
3270,3250.9270162590037,0.001823956
3271,3251.207259654999,0.001823588
3272,3251.488734245999,0.001823797
3273,3251.770100116999,0.001825153
3274,3252.0507488260046,0.00182749
3275,3252.3310790070027,0.001830069
3276,3252.6110792160034,0.001831956
3277,3252.892131806002,0.001833157
3278,3253.173892498002,0.001834114
3279,3253.456870080001,0.00183524
3280,3253.739180565004,0.001836845
3281,3254.0194354060004,0.001837913
3282,3254.3003292089998,0.001837969
3283,3254.5820527079995,0.001837866
3284,3254.862934113,0.001836539
3285,3255.145755768004,0.001833141
3286,3255.4282779700006,0.001830403
3287,3255.7093033800047,0.001829609
3288,3255.9904150970033,0.001829516
3289,3256.269817829998,0.001830161
3290,3256.5504527099984,0.001831725
3291,3256.8311533930028,0.001832996
3292,3257.1139907840043,0.001833223
3293,3257.396124840001,0.001833252
3294,3257.6774082190022,0.001833801
3295,3257.956845284003,0.001834499
3296,3258.2382001880032,0.001835501
3297,3258.520173073004,0.001837903
3298,3258.8019003869995,0.001840431
3299,3339.1317443849985,0.001840789
3300,3339.412034989,0.001838077
3301,3339.692903519004,0.001833133
3302,3339.973628997999,0.001827921
3303,3340.238778592,0.001823685
3304,3340.519918441998,0.001821888
3305,3340.7998275760037,0.001823498
3306,3341.0817108160045,0.001826994
3307,3341.3623962409984,0.001830325
3308,3341.6444878580005,0.001833935
3309,3341.9264764789987,0.001837552
3310,3342.2067341810034,0.001839298
3311,3342.487734318005,0.001839654
3312,3342.7701158530035,0.001839649
3313,3343.0513672829984,0.001838753
3314,3343.332207680003,0.001837219
3315,3343.6126050950043,0.001836199
3316,3343.894720078002,0.001834886
3317,3344.1742887500004,0.001831874
3318,3344.4552826889994,0.001828948
3319,3344.737099648002,0.001827631
3320,3345.0243158349986,0.00182628
3321,3345.3049082760044,0.001824961
3322,3345.5884256370045,0.001826268
3323,3345.8698468209986,0.001830603
3324,3346.1519875529993,0.001835843
3325,3346.432558059998,0.00184123
3326,3346.713094235005,0.001846047
3327,3346.9934058190047,0.001849104
3328,3347.2737674720047,0.001850628
3329,3347.555391312002,0.001849748
3330,3347.836029530001,0.001845581
3331,3348.1168618209995,0.001839813
3332,3348.397770405005,0.001835294
3333,3348.677728653005,0.001832759
3334,3348.958677292001,0.001830245
3335,3349.240001678998,0.001827791
3336,3349.520430565004,0.001828189
3337,3349.800199985999,0.001832244
3338,3350.0798873910026,0.00183738
3339,3350.3600039490047,0.001841637
3340,3350.640061379003,0.001845354
3341,3350.9197363860003,0.001848955
3342,3351.198772431002,0.001852183
3343,3351.479174138003,0.001853287
3344,3351.7614717489996,0.001850397
3345,3352.0436539650036,0.001845097
3346,3352.325101852999,0.001840483
3347,3352.605280399999,0.001837166
3348,3352.8870153430034,0.0018352
3349,3353.168266297005,0.001834132
3350,3353.4492788319985,0.001832597
3351,3353.7298631669983,0.001830449
3352,3354.0102648739994,0.001828171
3353,3354.2904601100017,0.001826763
3354,3354.5697798730034,0.001827647
3355,3354.851553917004,0.001831366
3356,3355.132594586001,0.001835956
3357,3355.411598683,0.001839168
3358,3355.691603184001,0.001841943
3359,3355.972605228999,0.001845676
3360,3356.2526078230003,0.001849514
3361,3356.5316071510024,0.001852208
3362,3356.809951783005,0.00185271
3363,3357.089269639,0.001851684
3364,3357.369266034002,0.001851372
3365,3357.648960591003,0.001851125
3366,3357.9293465619994,0.00184972
3367,3358.211822987003,0.001847751
3368,3358.490746499003,0.001845157
3369,3358.7707319260007,0.001843078
3370,3359.0504403119994,0.001843147
3371,3359.3292317400046,0.001844216
3372,3359.6076993950046,0.001845277
3373,3359.891304017001,0.001847876
3374,3360.173942565998,0.001852392
3375,3360.4531259540017,0.001857264
3376,3360.735789776001,0.001861474
3377,3361.0185666090038,0.00186449
3378,3361.3013300899984,0.001866475
3379,3361.5863294610026,0.001868136
3380,3361.870000363,0.001870322
3381,3362.151478767999,0.001872686
3382,3362.431597710005,0.001873243
3383,3362.7124772079987,0.001871104
3384,3362.992429734004,0.001867966
3385,3363.272565842002,0.001865454
3386,3363.554650307,0.001862371
3387,3363.837118149,0.00185847
3388,3364.118414878998,0.001856054
3389,3364.3986849790017,0.001855686
3390,3364.680884838999,0.001856677
3391,3364.9614863399984,0.001857898
3392,3365.2429981239984,0.0018579
3393,3365.52276516,0.001855932
3394,3365.8037843710044,0.001851946
3395,3366.0842194560028,0.001847237
3396,3366.3644666680048,0.001843609
3397,3366.6473498350024,0.001843372
3398,3366.9297637940035,0.001845485
3399,3367.210926056003,0.001845907
3400,3367.492436409004,0.001844533
3401,3367.773233890999,0.001843429
3402,3368.0520629890016,0.001844012
3403,3368.332688332004,0.001847022
3404,3368.6125159270014,0.001850581
3405,3368.894626141002,0.00185204
3406,3369.1763000490027,0.001850979
3407,3369.4585223200047,0.001848607
3408,3369.7397942550015,0.00184717
3409,3450.0669703489984,0.001846673
3410,3450.348628521002,0.001844214
3411,3450.629505158002,0.001839286
3412,3450.910495281998,0.001832879
3413,3451.1927485470005,0.001825599
3414,3451.475555420002,0.001819085
3415,3451.7554135329992,0.001813578
3416,3452.0365972520012,0.001808215
3417,3452.318142891003,0.001804722
3418,3452.5986351969987,0.00180494
3419,3452.880961419003,0.001806907
3420,3453.1651735310006,0.001808231
3421,3453.4471359259987,0.001808694
3422,3453.7272501000043,0.001808753
3423,3454.0098919869997,0.001808794
3424,3454.292335033999,0.00180933
3425,3454.572864533002,0.001812076
3426,3454.8531455999982,0.001816993
3427,3455.1342763909997,0.001821181
3428,3455.4148974420023,0.001823162
3429,3455.695236683001,0.001822433
3430,3455.977027894005,0.001819764
3431,3456.258385182002,0.001817284
3432,3456.5394897470032,0.001815569
3433,3456.819922448005,0.00181539
3434,3457.099537373004,0.001816038
3435,3457.381212234999,0.001815588
3436,3457.6673121460044,0.001814948
3437,3457.950247288005,0.001814601
3438,3458.2352485660012,0.001814072
3439,3458.519460679003,0.00181491
3440,3458.801582814005,0.001817383
3441,3459.0825624470017,0.001819257
3442,3459.363561154001,0.001820499
3443,3459.642863273999,0.001821404
3444,3459.9238491060023,0.001820648
3445,3460.2057552340048,0.001819045
3446,3460.485731601999,0.001818367
3447,3460.7662429810007,0.001818497
3448,3461.0474061970017,0.001818666
3449,3461.327447415002,0.001818632
3450,3461.608694554001,0.001819069
3451,3461.8916020399993,0.001821131
3452,3462.172529221003,0.001824695
3453,3462.4543876649986,0.001827851
3454,3462.735859870998,0.001829445
3455,3463.015805244999,0.001830217
3456,3463.297059536002,0.001830024
3457,3463.5785360340014,0.001828563
3458,3463.8597254760025,0.001826884
3459,3464.139517784999,0.001826935
3460,3464.419849873004,0.001828375
3461,3464.698946000004,0.001828374
3462,3464.980419159001,0.001827462
3463,3465.2611742020017,0.001827102
3464,3465.5414042480043,0.001826158
3465,3465.8236355789995,0.001823668
3466,3466.102967263003,0.001820808
3467,3466.383304120005,0.001819202
3468,3466.6647682190014,0.00181888
3469,3466.944813729002,0.001819378
3470,3467.225782872003,0.001820569
3471,3467.505334854999,0.001822681
3472,3467.7870230679982,0.001825113
3473,3468.06777668,0.001826576
3474,3468.3484230050017,0.001826554
3475,3468.628841401005,0.001825186
3476,3468.9096140870024,0.001823768
3477,3469.196860791002,0.001823781
3478,3469.4791116720007,0.001824964
3479,3469.760363102003,0.001825969
3480,3470.040778637005,0.00182652
3481,3470.3217592240035,0.001827218
3482,3470.603532314999,0.001827936
3483,3470.884959698,0.001828018
3484,3471.165058136001,0.001827008
3485,3471.4468092919997,0.001825431
3486,3471.7282533649995,0.001824364
3487,3472.0087771420003,0.001823387
3488,3472.289266587002,0.001822364
3489,3472.569129467003,0.001823033
3490,3472.8508925440037,0.001825599
3491,3473.130940914998,0.001828732
3492,3473.4114761360033,0.001830775
3493,3473.6938242920005,0.001830925
3494,3473.9759407050005,0.001830775
3495,3474.257091045998,0.00182986
3496,3474.537389279001,0.001826579
3497,3474.8182783130032,0.001822947
3498,3475.100335121999,0.001820848
3499,3475.3828558930036,0.001820819
3500,3475.6642990120017,0.001822585
3501,3475.944801808,0.001824466
3502,3476.2255396850014,0.001825678
3503,3476.506429673005,0.001825821
3504,3476.7881069190043,0.001824348
3505,3477.0699453359994,0.001822537
3506,3477.3513550760035,0.001822398
3507,3477.6329126359997,0.001824229
3508,3477.914207458998,0.001826914
3509,3478.1948337560025,0.001828435
3510,3478.4760394100012,0.001829005
3511,3478.7568173410036,0.001830718
3512,3479.0377917290025,0.001832746
3513,3479.319721699001,0.001833582
3514,3479.600906849002,0.001833549
3515,3479.8824243550043,0.001834042
3516,3480.1625976569994,0.001836143
3517,3480.4432621009983,0.001839742
3518,3480.723735810003,0.001843247
3519,3561.343481541,0.001843121
3520,3561.6306781770036,0.001836906
3521,3561.914402962,0.001827265
3522,3562.196447373004,0.001818212
3523,3562.4776968959995,0.001810168
3524,3562.7594566350017,0.00180306
3525,3563.0413346300047,0.001798051
3526,3563.3221087460042,0.001795611
3527,3563.6048207290005,0.001795012
3528,3563.885740757003,0.001794977
3529,3564.1675133710014,0.001794128
3530,3564.447632313,0.001792849
3531,3564.730051518003,0.001792252
3532,3565.0111699109984,0.00179223
3533,3565.291500092004,0.001793032
3534,3565.571651459002,0.001794929
3535,3565.851826668004,0.00179743
3536,3566.1333694460045,0.001799587
3537,3566.413741589,0.001801044
3538,3566.6936740880046,0.001801787
3539,3566.9752407080014,0.001801555
3540,3567.257226943999,0.001801381
3541,3567.5391693120037,0.001801812
3542,3567.820960044999,0.001801678
3543,3568.100661278004,0.001801367
3544,3568.381727218999,0.001801724
3545,3568.6625614170043,0.001801829
3546,3568.944732666001,0.001801125
3547,3569.2258458139986,0.001800484
3548,3569.5061841019997,0.001800743
3549,3569.7888288500035,0.001801505
3550,3570.0687074669986,0.001802244
3551,3570.3487930300034,0.001802343
3552,3570.6307253839987,0.001802336
3553,3570.9104237560023,0.001803443
3554,3571.1915526390003,0.001804602
3555,3571.4720726020023,0.001805196
3556,3571.754629136005,0.001805495
3557,3572.0353717809994,0.001805342
3558,3572.315873147003,0.001804551
3559,3572.595503331002,0.001802728
3560,3572.8777003290015,0.001801204
3561,3573.1594753270037,0.001801395
3562,3573.439792156998,0.001802383
3563,3573.7203817370028,0.001803013
3564,3574.002274037004,0.001803388
3565,3574.284369469002,0.001803747
3566,3574.565318108005,0.001804212
3567,3574.8465495109995,0.001804916
3568,3575.1264410020012,0.001805457
3569,3575.4065065390023,0.001806045
3570,3575.6892528540047,0.001807978
3571,3575.970306397001,0.001811418
3572,3576.250826358999,0.001813834
3573,3576.531579018003,0.001813626
3574,3576.8144674310024,0.001812613
3575,3577.095463276004,0.00181245
3576,3577.3765363700004,0.001813082
3577,3577.657271862001,0.001813221
3578,3577.941742421004,0.001812721
3579,3578.22622633,0.001812819
3580,3578.5103530890046,0.00181334
3581,3578.7943506250012,0.001814674
3582,3579.0808691979983,0.001817039
3583,3579.3637485510044,0.001819735
3584,3579.6448559769997,0.001822067
3585,3579.9256358150014,0.001821937
3586,3580.2057495120025,0.001819115
3587,3580.4866786010025,0.001814909
3588,3580.767632007999,0.001810543
3589,3581.0503406530042,0.001808271
3590,3581.333094597001,0.00180781
3591,3581.6146759990006,0.001807624
3592,3581.8956985480036,0.001807376
3593,3582.1774430279984,0.001807507
3594,3582.4591503150004,0.001809833
3595,3582.7399210930016,0.001813651
3596,3583.020053387001,0.001816545
3597,3583.3014531139997,0.001819062
3598,3583.5816960340017,0.001821555
3599,3583.862650395,0.001822636
3600,3584.1433153160033,0.001822096
3601,3584.4233660700047,0.00182087
3602,3584.704305649,0.001820037
3603,3584.984212875999,0.001820795
3604,3585.2649302490026,0.001822617
3605,3585.5447626120003,0.001823827
3606,3585.8267512329985,0.001824022
3607,3586.1075739869993,0.001823945
3608,3586.3886218080006,0.001824452
3609,3586.669789315005,0.001824904
3610,3586.951331616001,0.001824514
3611,3587.232040406001,0.001824047
3612,3587.512603283001,0.001823832
3613,3587.793237210004,0.001823676
3614,3588.074713230999,0.001823596
3615,3588.355742931999,0.001823751
3616,3588.6364407540023,0.001824965
3617,3588.9159817699983,0.001826294
3618,3589.197823524999,0.001826641
3619,3589.479967118001,0.001827702
3620,3589.765626430999,0.001829489
3621,3590.049564838999,0.001830308
3622,3590.328620434004,0.001830378
3623,3590.608119010998,0.001830719
3624,3590.890519143002,0.00183176
3625,3591.170799256004,0.001832981
3626,3591.4522795680023,0.001834454
3627,3591.7340645790027,0.001836052
3628,3592.013240815002,0.001836855
3629,3672.6690144540044,0.001835853
3630,3672.9505405430027,0.001830881
3631,3673.231595516998,0.001822489
3632,3673.5123872760014,0.001814062
3633,3673.7926979070035,0.001807707
3634,3674.0726671220036,0.00180315
3635,3674.3557748800013,0.001799587
3636,3674.6366038330016,0.001797129
3637,3674.9180312160024,0.001795963
3638,3675.199903489003,0.001795417
3639,3675.4820685390005,0.001794467
3640,3675.763075351999,0.001793291
3641,3676.043087482998,0.00179166
3642,3676.3239221580006,0.00179001
3643,3676.6063590050035,0.001790506
3644,3676.885858059002,0.001793005
3645,3677.1667261129987,0.001795053
3646,3677.4489717489996,0.001796357
3647,3677.729464531003,0.001797975
3648,3678.0107016570037,0.001799995
3649,3678.293596745003,0.001802229
3650,3678.5758943559995,0.001803311
3651,3678.8570866590017,0.001802672
3652,3679.141308308004,0.00180204
3653,3679.4236083040014,0.001801998
3654,3679.704771042001,0.001801882
3655,3679.985643863998,0.001801858
3656,3680.266497135999,0.001801063
3657,3680.5469527250025,0.001799398
3658,3680.8291420940004,0.00179899
3659,3681.1090216640005,0.001799569
3660,3681.3903226859984,0.001799462
3661,3681.671130180999,0.001798751
3662,3681.9533915520005,0.001798875
3663,3682.239428998,0.001799937
3664,3682.5199685100015,0.001800401
3665,3682.801133633002,0.001800372
3666,3683.0798916819986,0.001800174
3667,3683.363870621004,0.001800251
3668,3683.644748687999,0.001802047
3669,3683.924625397005,0.001804874
3670,3684.2056078919995,0.001807015
3671,3684.488290787005,0.001807116
3672,3684.769134522001,0.001804475
3673,3685.050409317002,0.001800633
3674,3685.3315219880024,0.001798297
3675,3685.612772942004,0.001798174
3676,3685.893233300005,0.001798634
3677,3686.176692963003,0.001799061
3678,3686.4582371720026,0.001800485
3679,3686.7379636769983,0.00180328
3680,3687.021150589004,0.001805841
3681,3687.301111699002,0.00180726
3682,3687.5814509400007,0.001808188
3683,3687.8607006079983,0.001808833
3684,3688.1416568760033,0.001809094
3685,3688.425322533003,0.001808688
3686,3688.7063679700004,0.001807239
3687,3688.9866886140007,0.001804131
3688,3689.267490864004,0.001800448
3689,3689.549240113003,0.001798724
3690,3689.829439164001,0.001799009
3691,3690.1101617820023,0.001800824
3692,3690.3907232290003,0.001804487
3693,3690.6711373330036,0.00180783
3694,3690.952379704002,0.001808945
3695,3691.235201358999,0.00180875
3696,3691.5168423659998,0.001808953
3697,3691.7974734310046,0.001810623
3698,3692.0785241129997,0.001812713
3699,3692.3608207709985,0.001813004
3700,3692.641243457998,0.001811587
3701,3692.922420025003,0.00181146
3702,3693.202364921999,0.001813785
3703,3693.4847307210002,0.001816716
3704,3693.7663202289987,0.001819134
3705,3694.0473065379992,0.001821227
3706,3694.328144551,0.001823143
3707,3694.606807232005,0.001823398
3708,3694.888061524005,0.00182145
3709,3695.1690850259984,0.001818958
3710,3695.448870658998,0.001817678
3711,3695.7293767930023,0.001818556
3712,3696.010268212005,0.001820406
3713,3696.291438580003,0.001822169
3714,3696.571807862005,0.001823852
3715,3696.8530259140025,0.001824178
3716,3697.1331248290007,0.001821963
3717,3697.4148783690034,0.001818287
3718,3697.695513249004,0.001814851
3719,3697.975851536001,0.001812664
3720,3698.256876946005,0.001812445
3721,3698.5379118920027,0.001813525
3722,3698.822466374004,0.001814649
3723,3699.107504368003,0.001815587
3724,3699.3886818890023,0.001816163
3725,3699.6749639519985,0.001815803
3726,3699.9563760759993,0.001815148
3727,3700.2363963130047,0.001815218
3728,3700.516560554999,0.001815721
3729,3700.7965397840017,0.001817815
3730,3701.076383591004,0.001821834
3731,3701.3562998780035,0.001824741
3732,3701.636564731998,0.001825229
3733,3701.918262005005,0.001824116
3734,3702.1970982560015,0.001822003
3735,3702.477404117999,0.001820092
3736,3702.7589092260023,0.001819488
3737,3703.0407300000006,0.001819843
3738,3703.3223600390047,0.001820294
3739,3783.673431873998,0.001818758
3740,3783.955573559004,0.00181384
3741,3784.2359061250027,0.001807476
3742,3784.5163183219993,0.001801165
3743,3784.797104836005,0.001794854
3744,3785.0784039499995,0.001789331
3745,3785.358708382002,0.00178521
3746,3785.6446776390003,0.001782427
3747,3785.930715085,0.001782446
3748,3786.2163648610003,0.001785874
3749,3786.504368783004,0.001789858
3750,3786.791368008002,0.001790787
3751,3787.0773682600047,0.001788
3752,3787.362366677,0.001783926
3753,3787.649402619005,0.001781333
3754,3787.936367512004,0.001781869
3755,3788.2213730820004,0.001784919
3756,3788.507369996005,0.001787908
3757,3788.795374870999,0.001788857
3758,3789.0806794169985,0.001789137
3759,3789.365716458,0.001790799
3760,3789.6506805419995,0.001792618
3761,3789.935719014,0.001793329
3762,3790.2206830979994,0.001793322
3763,3790.505687237004,0.001792976
3764,3790.791686059005,0.00179348
3765,3791.0776891710047,0.001795034
3766,3791.3646883969996,0.001795344
3767,3791.648735047005,0.001793706
3768,3791.936689854003,0.001792181
3769,3792.2249312409986,0.001791827
3770,3792.5119423869983,0.001791893
3771,3792.796999932005,0.001791491
3772,3793.0839986810024,0.001790577
3773,3793.370038986999,0.001790084
3774,3793.655997754002,0.001790094
3775,3793.9420003900013,0.001789991
3776,3794.2301983840007,0.001789958
3777,3794.512300015005,0.001790775
3778,3794.7950806619992,0.001792782
3779,3795.075222493004,0.001795601
3780,3795.3577709200035,0.001797807
3781,3795.639046668999,0.001798002
3782,3795.9192776679993,0.001797237
3783,3796.1995697029997,0.001797368
3784,3796.4813952449986,0.001798667
3785,3796.762537003,0.00180037
3786,3797.0424637800024,0.001801595
3787,3797.3248515130035,0.001801416
3788,3797.6083083160047,0.001799314
3789,3797.889441967003,0.001796513
3790,3798.1717281349993,0.001795149
3791,3798.454817771999,0.001795505
3792,3798.737577439002,0.001796469
3793,3799.0189986230034,0.001797168
3794,3799.3008465770035,0.001797998
3795,3799.5815029150035,0.00179991
3796,3799.864512920998,0.001802368
3797,3800.1459465029984,0.001803733
3798,3800.4277181630023,0.001802904
3799,3800.711721421001,0.001801155
3800,3800.9954428679994,0.001800022
3801,3801.276524067005,0.001799849
3802,3801.5579991350023,0.001800967
3803,3801.8383221629992,0.001801904
3804,3802.118865014003,0.001800908
3805,3802.3992767340023,0.001799215
3806,3802.6806082730036,0.001799055
3807,3802.9626402860013,0.001800363
3808,3803.243806839004,0.001802041
3809,3803.5234313020046,0.001804175
3810,3803.8068904879983,0.001806064
3811,3804.0887408260023,0.001806579
3812,3804.3700170520024,0.001806879
3813,3804.650894642,0.001807456
3814,3804.932106019005,0.001806921
3815,3805.2144575120037,0.001805549
3816,3805.496048451001,0.00180448
3817,3805.7779641160014,0.001804302
3818,3806.057639122002,0.001805442
3819,3806.339211464001,0.001807361
3820,3806.6207542420016,0.001808931
3821,3806.901752949001,0.0018095
3822,3807.182586670002,0.001810078
3823,3807.462940217003,0.001811259
3824,3807.7443051340015,0.00181143
3825,3808.0246472360013,0.001810858
3826,3808.3069481850034,0.001810924
3827,3808.5878458029983,0.001810542
3828,3808.868326664,0.001809392
3829,3809.1475510599994,0.001809291
3830,3809.4282722479984,0.001810478
3831,3809.710002423002,0.00181164
3832,3809.990600586003,0.001812143
3833,3810.2715344430035,0.001812256
3834,3810.5533728599985,0.001812404
3835,3810.835235119004,0.001813264
3836,3811.1156678199986,0.001815147
3837,3811.3974781040015,0.001816015
3838,3811.678261756999,0.001814425
3839,3811.958325863001,0.0018127
3840,3812.2395176889986,0.001811808
3841,3812.5204563150037,0.001810786
3842,3812.802417756,0.001811465
3843,3813.0831422810006,0.001815311
3844,3813.362838746005,0.001820942
3845,3813.6438331610043,0.001826611
3846,3813.925114632002,0.001832371
3847,3814.205414296004,0.001838868
3848,3814.4864997870027,0.001845231
3849,3894.9439125069985,0.00184757
3850,3895.2248444560028,0.001842076
3851,3895.505148887998,0.001830892
3852,3895.7855987549992,0.001817234
3853,3896.0663833619983,0.001802309
3854,3896.352742672003,0.001788839
3855,3896.6340403560025,0.001779576
3856,3896.914905548998,0.001774536
3857,3897.1981477740046,0.001771773
3858,3897.4795603759994,0.001770241
3859,3897.7614946370013,0.001771016
3860,3898.0420579909987,0.001774392
3861,3898.324535370004,0.001777916
3862,3898.60562563,0.001779607
3863,3898.8884177209984,0.001779163
3864,3899.171504498001,0.001777743
3865,3899.4533820159995,0.001776666
3866,3899.7331991200044,0.001776504
3867,3900.014554977999,0.001778328
3868,3900.2959666259994,0.001781336
3869,3900.575489521005,0.00178285
3870,3900.8558869370027,0.001783193
3871,3901.137496948999,0.001785039
3872,3901.419894219005,0.001788162
3873,3901.7017564780035,0.001790149
3874,3901.9836921700044,0.001790589
3875,3902.265433788998,0.001791011
3876,3902.547424794,0.001791416
3877,3902.827776908998,0.001790865
3878,3903.1100521090048,0.00179038
3879,3903.392473221,0.001790691
3880,3903.674092293004,0.001790592
3881,3903.9550647740034,0.001789555
3882,3904.237443924001,0.001788607
3883,3904.5190677650025,0.001788037
3884,3904.8033065800046,0.001786907
3885,3905.0832414629986,0.001785158
3886,3905.3625888829993,0.001783658
3887,3905.6434917450024,0.001782819
3888,3905.9258699420025,0.001782479
3889,3906.211241723002,0.001783019
3890,3906.492347717998,0.00178491
3891,3906.772217274003,0.001786591
3892,3907.053460597999,0.001787396
3893,3907.335163593998,0.001787652
3894,3907.6168670660045,0.001786179
3895,3907.897332669003,0.001783909
3896,3908.1790871620033,0.001783319
3897,3908.4593153000023,0.001784286
3898,3908.7420434960004,0.001785173
3899,3909.024274827003,0.001785608
3900,3909.3046951299984,0.001785717
3901,3909.584558964001,0.001785821
3902,3909.8649196629995,0.001786779
3903,3910.148021697998,0.001788659
3904,3910.4290652280033,0.001790196
3905,3910.7101378450025,0.00179031
3906,3910.9906315810003,0.001789136
3907,3911.272237778001,0.001788494
3908,3911.5534625060027,0.001788972
3909,3911.834969520998,0.001789168
3910,3912.117483615999,0.001789229
3911,3912.400863171002,0.00178876
3912,3912.6820392610025,0.001787476
3913,3912.962273121004,0.001786742
3914,3913.243351459998,0.001786993
3915,3913.524720191999,0.001787631
3916,3913.806899547999,0.001788206
3917,3914.088396072999,0.001789386
3918,3914.3703370100047,0.00179162
3919,3914.653228283001,0.001793674
3920,3914.933579921999,0.001794483
3921,3915.214368344001,0.001794679
3922,3915.497194291005,0.001796067
3923,3915.777741433005,0.001799305
3924,3916.058819771002,0.001802447
3925,3916.3397140509987,0.001803823
3926,3916.6194977760024,0.001804156
3927,3916.9009914400012,0.001804942
3928,3917.1838603020005,0.001805899
3929,3917.4644927980044,0.001806006
3930,3917.745024682001,0.001805869
3931,3918.026790142998,0.001805523
3932,3918.3076567649987,0.001804464
3933,3918.589677333999,0.001802518
3934,3918.869794846003,0.001800052
3935,3919.151963711003,0.001798429
3936,3919.433018208001,0.001798223
3937,3919.7137384419984,0.001799717
3938,3919.9950671199986,0.00180241
3939,3920.2761640550016,0.001804584
3940,3920.5574193010034,0.001805205
3941,3920.837740422001,0.001804243
3942,3921.1201643950044,0.00180214
3943,3921.4050865180034,0.001799495
3944,3921.6862683299987,0.001797802
3945,3921.967000485005,0.001797535
3946,3922.248488903999,0.001797491
3947,3922.529497624004,0.001797389
3948,3922.810643197001,0.001798344
3949,3923.0925383569993,0.001800866
3950,3923.374574185,0.0018027
3951,3923.6559224130033,0.001802482
3952,3923.937481881003,0.001801884
3953,3924.218060017003,0.001801675
3954,3924.4994878770012,0.001801416
3955,3924.778967381004,0.001801728
3956,3925.059827805002,0.001802122
3957,3925.341361523002,0.0018015
3958,3925.622443676002,0.001801144
3959,4005.9454674730005,0.001800871
3960,4006.226037503002,0.001798304
3961,4006.507939339004,0.00179231
3962,4006.788276195999,0.00178435
3963,4007.0692996979997,0.001777796
3964,4007.3490781790024,0.001773868
3965,4007.630726815005,0.001771914
3966,4007.9130578050026,0.001771696
3967,4008.195258618005,0.001773318
3968,4008.475154400003,0.001775954
3969,4008.757696629,0.001777215
3970,4009.037141323999,0.001777712
3971,4009.318648815999,0.001779002
3972,4009.6009831429983,0.0017801
3973,4009.8828616149985,0.001781401
3974,4010.1647710800025,0.001783648
3975,4010.4462685590042,0.001785127
3976,4010.7265729909996,0.0017841
3977,4011.0088491440038,0.00178103
3978,4011.2913413050046,0.001777928
3979,4011.573140622,0.00177674
3980,4011.853545666003,0.001777696
3981,4012.135689736002,0.001780075
3982,4012.4171581269984,0.001782321
3983,4012.6974573140033,0.001782923
3984,4012.977805137998,0.001782697
3985,4013.259258748003,0.0017825
3986,4013.5414304740043,0.001782751
3987,4013.8225846300047,0.001783879
3988,4014.1025819780043,0.001785006
3989,4014.383970738003,0.001785359
3990,4014.6687088020044,0.001785084
3991,4014.949053764998,0.001783692
3992,4015.229906559005,0.00178133
3993,4015.5111794480035,0.001779855
3994,4015.7951083189982,0.001779239
3995,4016.0758972170006,0.00177817
3996,4016.357316971,0.001777104
3997,4016.639248848005,0.001778198
3998,4016.920927525003,0.001781553
3999,4017.201777934999,0.001784372
4000,4017.481924534004,0.001785839
4001,4017.7631101610023,0.001786173
4002,4018.044827939004,0.001785361
4003,4018.3262920380002,0.001784599
4004,4018.606404304999,0.001784717
4005,4018.8879742630015,0.001785711
4006,4019.1686844830037,0.001787206
4007,4019.4513244629998,0.001788618
4008,4019.733444213998,0.001789593
4009,4020.0142288210045,0.001790096
4010,4020.2943344119994,0.001790341
4011,4020.5748877529986,0.001790591
4012,4020.854867936003,0.001790623
4013,4021.136384964004,0.001790499
4014,4021.417817592999,0.001790548
4015,4021.698272229005,0.001790191
4016,4021.979393006004,0.001789086
4017,4022.2591838840017,0.001787319
4018,4022.5400161750003,0.00178606
4019,4022.8223309520035,0.001786684
4020,4023.1035881050047,0.001787568
4021,4023.3854079250013,0.001786698
4022,4023.667132855,0.001785495
4023,4023.949188233004,0.001785598
4024,4024.2318410880034,0.001786086
4025,4024.512086868999,0.001786565
4026,4024.793300629004,0.001786655
4027,4025.073658467001,0.001785695
4028,4025.354278564999,0.001784773
4029,4025.635826111,0.001784881
4030,4025.916043281999,0.001785839
4031,4026.1977343559993,0.001787134
4032,4026.4781360630004,0.001788033
4033,4026.760329247001,0.001788122
4034,4027.0404348380034,0.001788092
4035,4027.3201298720014,0.001788973
4036,4027.601975917998,0.001790827
4037,4027.882030011002,0.001792663
4038,4028.1635289199985,0.001793997
4039,4028.4452590950023,0.00179479
4040,4028.7267889979994,0.001794269
4041,4029.0093107229986,0.00179278
4042,4029.2896828660014,0.001792178
4043,4029.5712623600048,0.001792351
4044,4029.8518457419996,0.001792247
4045,4030.1328916550046,0.00179213
4046,4030.416951179999,0.0017916
4047,4030.6981520660047,0.001790951
4048,4030.979051114002,0.001790787
4049,4031.2602868079994,0.001790444
4050,4031.5425248149986,0.001790129
4051,4031.823765754998,0.00179066
4052,4032.1045408249993,0.001792533
4053,4032.3849000940027,0.001795006
4054,4032.6664643289987,0.001796721
4055,4032.9476175310047,0.001797838
4056,4033.228357316002,0.001799158
4057,4033.5115199089996,0.001800898
4058,4033.792493820998,0.001803926
4059,4034.0735020639986,0.001808142
4060,4034.3538041120046,0.001812696
4061,4034.635478019998,0.001817938
4062,4034.9164953240033,0.001823339
4063,4035.1986489300034,0.001827202
4064,4035.4817061430003,0.001826808
4065,4035.7645735750048,0.001821561
4066,4036.045584202002,0.001814299
4067,4036.3254756930037,0.001807194
4068,4036.6071691520046,0.001801585
4069,4116.912002087003,0.001796867
4070,4117.191950797998,0.001791612
4071,4117.473882199003,0.001786218
4072,4117.755274296003,0.001780046
4073,4118.037737847,0.001773442
4074,4118.319819451004,0.001769433
4075,4118.602563858003,0.001768657
4076,4118.883497715004,0.001769232
4077,4119.164199830004,0.001770077
4078,4119.445238114,0.001770375
4079,4119.725164891002,0.001770566
4080,4120.006732941001,0.001770894
4081,4120.288319587999,0.001770295
4082,4120.569163799999,0.001769263
4083,4120.851441860999,0.001768083
4084,4121.132253647003,0.00176618
4085,4121.417421341001,0.001764679
4086,4121.6991271980005,0.001764886
4087,4121.985237122004,0.001766365
4088,4122.267976283998,0.001768622
4089,4122.549871922005,0.001771088
4090,4122.829259873004,0.001773593
4091,4123.110333919998,0.001776641
4092,4123.3903803830035,0.001779428
4093,4123.671595097003,0.001780894
4094,4123.951746940998,0.001781451
4095,4124.232509614005,0.001781509
4096,4124.514437676,0.001780728
4097,4124.799968719999,0.001779824
4098,4125.082140923005,0.001780005
4099,4125.363286019005,0.001781052
4100,4125.644182206001,0.001782103
4101,4125.926707268001,0.00178234
4102,4126.20747614,0.00178156
4103,4126.488647938,0.001779987
4104,4126.770128727003,0.001777058
4105,4127.049611569004,0.001774324
4106,4127.329768181,0.00177385
4107,4127.611069203005,0.001774792
4108,4127.893988133001,0.001776628
4109,4128.174644948005,0.001779357
4110,4128.456601620004,0.001781074
4111,4128.737542153001,0.00178157
4112,4129.020215511999,0.001782616
4113,4129.302214623,0.001783541
4114,4129.583168984005,0.001783834
4115,4129.863260270002,0.001784325
4116,4130.144744397003,0.001785529
4117,4130.426828385003,0.001786927
4118,4130.708165169002,0.001786927
4119,4130.98967743,0.001785229
4120,4131.271305085,0.001783066
4121,4131.550697327002,0.001781066
4122,4131.832915307001,0.001779074
4123,4132.113382340001,0.001777924
4124,4132.395073890999,0.00177834
4125,4132.676222802002,0.001779313
4126,4132.957573890999,0.001779688
4127,4133.237304211005,0.001779403
4128,4133.519478798,0.001779167
4129,4133.801678181,0.001779368
4130,4134.083571433999,0.001779984
4131,4134.364302159003,0.001781595
4132,4134.645091056998,0.001783568
4133,4134.927624226002,0.001784516
4134,4135.207878113004,0.001784966
4135,4135.488709926998,0.001784753
4136,4135.768070220998,0.001783548
4137,4136.049259662999,0.001782431
4138,4136.3293900490025,0.001781308
4139,4136.608850003002,0.001780077
4140,4136.889135837999,0.001779918
4141,4137.169821740004,0.001781326
4142,4137.450047493003,0.00178373
4143,4137.729993344001,0.001786347
4144,4138.011703969001,0.001788317
4145,4138.292055130005,0.001789825
4146,4138.571702958005,0.001791185
4147,4138.851856232002,0.001791455
4148,4139.131282330003,0.001790316
4149,4139.410583019999,0.001788696
4150,4139.691765308999,0.00178772
4151,4139.973013401002,0.001787796
4152,4140.252784729004,0.001788648
4153,4140.533435821999,0.001790421
4154,4140.815642834001,0.001792717
4155,4141.095423699,0.001794264
4156,4141.3774676329995,0.001795287
4157,4141.658101558998,0.001796314
4158,4141.939559937004,0.001796853
4159,4142.221219539999,0.001796471
4160,4142.502181529999,0.001795492
4161,4142.7826209070045,0.001795014
4162,4143.0633573540035,0.001795252
4163,4143.3424959190015,0.001795177
4164,4143.622684956004,0.001793274
4165,4143.904971123004,0.001790227
4166,4144.1849374779995,0.001788413
4167,4144.467273236005,0.001788861
4168,4144.748820305002,0.001790644
4169,4145.030795097999,0.001791218
4170,4145.311102391002,0.001790395
4171,4145.5918731690035,0.001789436
4172,4145.873494626001,0.001788416
4173,4146.155303956002,0.001788588
4174,4146.436069966003,0.001789619
4175,4146.716018676998,0.001789497
4176,4146.996610642003,0.001789234
4177,4147.276717186003,0.001790629
4178,4147.557967663,0.001793952
4179,4227.876224518004,0.001796884
4180,4228.157371998001,0.00179557
4181,4228.439252854005,0.001789281
4182,4228.720654488003,0.001780096
4183,4229.0060954100045,0.001771381
4184,4229.287865162005,0.001766028
4185,4229.569724560002,0.001764527
4186,4229.851107597999,0.001765172
4187,4230.132795334001,0.001766312
4188,4230.419023991002,0.001768271
4189,4230.701225281002,0.001771304
4190,4230.981821537003,0.001773846
4191,4231.261690617001,0.001774452
4192,4231.5434169770015,0.001773228
4193,4231.824763297998,0.001771028
4194,4232.104248524003,0.001768896
4195,4232.385008336001,0.001767953
4196,4232.665444375001,0.001768893
4197,4232.944863796998,0.001770829
4198,4233.224475383999,0.001772139
4199,4233.506555558,0.001771929
4200,4233.787787915004,0.001770175
4201,4234.069669723998,0.001768893
4202,4234.350331784,0.001769189
4203,4234.630243302003,0.001769053
4204,4234.911650180999,0.001768251
4205,4235.193923473998,0.001768741
4206,4235.475294590004,0.00177049
4207,4235.7570128450025,0.00177188
4208,4236.038084984,0.001772691
4209,4236.317245007005,0.001773362
4210,4236.598938465999,0.001774076
4211,4236.880037784998,0.001775244
4212,4237.162238121004,0.00177644
4213,4237.445576668004,0.00177714
4214,4237.725862979998,0.00177761
4215,4238.006707669003,0.001778112
4216,4238.287648678001,0.001779122
4217,4238.569328309,0.001781167
4218,4238.8503179550025,0.001783548
4219,4239.132356167,0.001784651
4220,4239.413865089999,0.001784155
4221,4239.693724156001,0.001782687
4222,4239.975586892004,0.001779979
4223,4240.256278992005,0.001777142
4224,4240.538010121003,0.001776461
4225,4240.819314002998,0.001777033
4226,4241.099326611002,0.001777877
4227,4241.379609108,0.00178061
4228,4241.661236287,0.001784537
4229,4241.945491314,0.001787113
4230,4242.228715420002,0.001788101
4231,4242.514056683001,0.001788765
4232,4242.8003673560015,0.001789209
4233,4243.083228588999,0.001789128
4234,4243.365421296003,0.001788615
4235,4243.646465778998,0.001787063
4236,4243.927274704001,0.001785102
4237,4244.209272862005,0.00178432
4238,4244.489770890003,0.001784312
4239,4244.770041943004,0.00178354
4240,4245.049951554,0.001782107
4241,4245.331327439002,0.001781686
4242,4245.613081932999,0.001782547
4243,4245.895310402004,0.001783412
4244,4246.1756730080015,0.001783911
4245,4246.457458973004,0.001784559
4246,4246.738763333,0.001784198
4247,4247.018759728002,0.001781112
4248,4247.297246932998,0.001776773
4249,4247.579246045003,0.001774016
4250,4247.860983849001,0.001773507
4251,4248.140546322,0.001773909
4252,4248.420526982001,0.001773666
4253,4248.700890542001,0.001773238
4254,4248.980662346003,0.001774018
4255,4249.261481762005,0.00177557
4256,4249.545311927999,0.00177731
4257,4249.827120781003,0.001780338
4258,4250.108475686,0.001784645
4259,4250.389183521998,0.001786891
4260,4250.669240952004,0.001785703
4261,4250.95033598,0.001784189
4262,4251.230248929001,0.00178399
4263,4251.509718419002,0.001784967
4264,4251.790376187004,0.001787142
4265,4252.0708584790045,0.001789135
4266,4252.350897313001,0.001789887
4267,4252.633031846002,0.001790309
4268,4252.9146032339995,0.001791489
4269,4253.195467949001,0.001792943
4270,4253.476285458004,0.001793598
4271,4253.757692814004,0.001793927
4272,4254.036904335,0.001794518
4273,4254.317829609005,0.001794517
4274,4254.600234032005,0.001793668
4275,4254.880120754999,0.001793564
4276,4255.160540581004,0.00179503
4277,4255.441455842003,0.001795914
4278,4255.723820687002,0.001795565
4279,4256.006028176002,0.001795443
4280,4256.287821769998,0.001795396
4281,4256.569808484004,0.001795112
4282,4256.849888802004,0.001794859
4283,4257.132158280001,0.001794769
4284,4257.411942482002,0.001794936
4285,4257.693876267003,0.001795273
4286,4257.973960877003,0.001796553
4287,4258.254049777999,0.001799486
4288,4258.534851552002,0.001802495
4289,4338.923918248001,0.00180238
4290,4339.203793526001,0.001796777
4291,4339.48440075,0.001787223
4292,4339.766726016998,0.001777809
4293,4340.0483055119985,0.001772073
4294,4340.329827309004,0.00177014
4295,4340.610053062999,0.001769822
4296,4340.8922634129995,0.001770573
4297,4341.1721758850035,0.00177119
4298,4341.453058243002,0.001770866
4299,4341.735813618005,0.001771102
4300,4342.016456604004,0.001771507
4301,4342.297689915002,0.001770244
4302,4342.5783915520005,0.001767988
4303,4342.861177445004,0.001766438
4304,4343.142794610001,0.001766033
4305,4343.427248478001,0.001766467
4306,4343.709910393001,0.001767594
4307,4343.9905242919995,0.001769188
4308,4344.271122933002,0.001770227
4309,4344.551274777004,0.001770106
4310,4344.831695557004,0.001769603
4311,4345.112250805003,0.001770181
4312,4345.394685746003,0.001771893
4313,4345.675444127002,0.001773284
4314,4345.955751419999,0.00177414
4315,4346.236017704003,0.001773927
4316,4346.517391205001,0.001771593
4317,4346.7969570159985,0.001768314
4318,4347.077375412002,0.001765595
4319,4347.360610962001,0.00176472
4320,4347.641721726002,0.001766291
4321,4347.923904896001,0.001769482
4322,4348.206076622002,0.001772729
4323,4348.488027573003,0.001774504
4324,4348.769280434004,0.001775306
4325,4349.048935890998,0.001776087
4326,4349.329445839001,0.00177668
4327,4349.611129284,0.001777064
4328,4349.899194718004,0.001776955
4329,4350.184685231005,0.001774959
4330,4350.467123986004,0.001771737
4331,4350.7480378160035,0.001770569
4332,4351.028399467999,0.001771424
4333,4351.309240818002,0.001771197
4334,4351.589685441002,0.001769916
4335,4351.873374939001,0.001770523
4336,4352.154434205004,0.001773179
4337,4352.435185433002,0.001775664
4338,4352.716532708,0.001777091
4339,4352.997734547003,0.001777653
4340,4353.278959752002,0.001778201
4341,4353.558991433005,0.00177876
4342,4353.840643882999,0.001778957
4343,4354.123335839002,0.001777795
4344,4354.406813622001,0.001774409
4345,4354.6915969850015,0.001771113
4346,4354.977492333004,0.001769629
4347,4355.257934093999,0.001769495
4348,4355.538421154,0.001770852
4349,4355.819916248998,0.001773271
4350,4356.1037836079995,0.001775594
4351,4356.389915944004,0.001776696
4352,4356.673401833003,0.001776256
4353,4356.956866742003,0.001775261
4354,4357.238095761,0.001774232
4355,4357.590543270999,0.001774583
4356,4357.88205719,0.001779138
4357,4358.170902253005,0.001789754
4358,4358.454857827004,0.001807764
4359,4358.745432854004,0.001835672
4360,4359.030689717001,0.001875374
4361,4359.3209772109985,0.001927321
4362,4359.6126770980045,0.00199025
4363,4359.900986672001,0.00205893
4364,4360.184347153001,0.002127234
4365,4360.468536854001,0.002190121
4366,4360.753198623999,0.002244454
4367,4361.034230233003,0.002289503
4368,4361.313195706003,0.002325558
4369,4361.594252587005,0.002353703
4370,4361.874235629999,0.002372603
4371,4362.154231072003,0.002379004
4372,4362.43320942,0.002372166
4373,4362.716246128999,0.002354437
4374,4362.998248577998,0.002329014
4375,4363.281216622003,0.002300122
4376,4363.567216397001,0.002272492
4377,4363.848255158002,0.002248946
4378,4364.131257058005,0.002229807
4379,4364.411222458002,0.00221415
4380,4364.690225602004,0.002202305
4381,4364.974164963001,0.002195153
4382,4365.256937504004,0.002192295
4383,4365.5390410430045,0.002192464
4384,4365.821710586999,0.002195024
4385,4366.103677750005,0.002199181
4386,4366.384681702002,0.00220286
4387,4366.666121006005,0.002205064
4388,4366.953886986004,0.002206334
4389,4367.2402791979985,0.002207403
4390,4367.530463695999,0.002207071
4391,4367.8195762640025,0.002204123
4392,4368.106603623004,0.002199889
4393,4368.393715859005,0.002195316
4394,4368.684039593005,0.002189735
4395,4368.970295430001,0.002182949
4396,4369.281909466001,0.002176064
4397,4369.570072175004,0.002170237
4398,4369.858263016002,0.002165521
4399,4450.872531414003,0.002159589
4400,4451.155133248001,0.002150104
4401,4451.437678337999,0.002138062
4402,4451.718177319002,0.002125673
4403,4451.998591900003,0.002114978
4404,4452.278348922999,0.002107961
4405,4452.561047078001,0.002103736
4406,4452.841773986998,0.002099613
4407,4453.124521733,0.002094729
4408,4453.414469242998,0.002089619
4409,4453.701385975,0.00208546
4410,4453.988909722,0.002081637
4411,4454.276765347,0.002076763
4412,4454.556701661,0.002072283
4413,4454.845190049004,0.002069209
4414,4455.135166646003,0.002067018
4415,4455.423025609001,0.002065005
4416,4455.7152051930025,0.002062655
4417,4455.999870778003,0.002060341
4418,4456.290011883,0.002058826
4419,4456.572912217001,0.002058402
4420,4456.862526417004,0.002058148
4421,4457.154713153999,0.002058215
4422,4457.445003986999,0.002061219
4423,4457.733734608002,0.002068671
4424,4458.017754077999,0.002080025
4425,4458.306736470004,0.002094873
4426,4458.5923871999985,0.002110964
4427,4458.8791851999995,0.002123788
4428,4459.167341232998,0.002130763
4429,4459.456273556003,0.002134662
4430,4459.739203454003,0.002139936
4431,4460.060203075998,0.00214775
4432,4460.399540425002,0.002158761
4433,4460.725090981003,0.002173457
4434,4461.052225113002,0.002189407
4435,4461.381092071999,0.002205091
4436,4461.672151566003,0.002220792
4437,4461.995334149004,0.002233971
4438,4462.277181149002,0.002242807
4439,4462.559195996,0.0022489
4440,4462.8414654740045,0.002253699
4441,4463.127473355002,0.002256981
4442,4463.414278508004,0.002257208
4443,4463.696673871003,0.00215129
4444,4463.985477925002,0.001806847
