,time (s),Signal (V)
0,60.86167001799913,0.013319164
1,61.00774288200046,0.013341082
2,61.29246330299793,0.013359643
3,61.578992367001774,0.013368796
4,61.87015771900042,0.013368819
5,62.15613651300373,0.013362329
6,62.447773934,0.013351279
7,62.73993635200168,0.013338106
8,63.031426430003194,0.013323199
9,63.407722474003094,0.013305859
10,63.73373842300498,0.01328775
11,64.07126140600303,0.013268657
12,64.3596730240024,0.013245771
13,64.64363241200044,0.013220604
14,64.93035078100365,0.013195924
15,65.22009563499887,0.01317141
16,65.5081768040036,0.013147025
17,65.79624414499995,0.01312382
18,66.08543586800079,0.013101012
19,66.37525367800117,0.013076416
20,66.6636462220049,0.013050241
21,66.94940042500093,0.013025022
22,67.237191678003,0.013001137
23,67.52823114400235,0.012975958
24,67.81595039400418,0.012948526
25,68.10466623400134,0.01292151
26,68.39358520600217,0.012897345
27,68.67979192799976,0.01287711
28,68.97115659800329,0.012861906
29,69.26155233399913,0.012851411
30,69.55319881500327,0.012844573
31,69.84130144200026,0.012839783
32,70.13119173100131,0.012834435
33,70.42023992600298,0.012827726
34,70.7084875110013,0.012819614
35,70.99881458299933,0.012808969
36,71.28864669799805,0.012796261
37,71.57650423100131,0.012784946
38,71.86641216299904,0.012778248
39,72.15341138900112,0.012776058
40,72.43301105499995,0.012777822
41,72.72383689900016,0.012783166
42,73.0149221419997,0.012789646
43,73.30446148000192,0.012795239
44,73.59509134299878,0.012798972
45,73.88632774400321,0.012799707
46,74.17619848300092,0.012795924
47,74.44976806700288,0.012787322
48,74.73780918199918,0.012777114
49,75.0285458569997,0.012766806
50,75.3191423419994,0.012754737
51,75.61075544400228,0.012742438
52,75.89447069200105,0.012732043
53,76.18351698000333,0.012722704
54,76.47460222300288,0.012713043
55,76.76108598800056,0.012705097
56,77.05066633300157,0.012701024
57,77.33917856300104,0.012697961
58,77.62652158800483,0.012694618
59,77.91620731400326,0.01269189
60,78.2083845140005,0.012689447
61,78.49833440800285,0.012687528
62,78.78790712400223,0.012686935
63,79.06979656300246,0.012688663
64,79.35101270700397,0.012692271
65,79.64026022000326,0.012695567
66,79.9319224360006,0.012696917
67,80.22316885000328,0.012698009
68,80.51209783599916,0.012700235
69,80.8003649720049,0.012700993
70,81.09052133600198,0.012699008
71,81.37974262300122,0.01269527
72,81.67051935200288,0.012689352
73,81.95938444200146,0.01268243
74,82.24920225200185,0.012679311
75,82.5405535700047,0.012684428
76,82.83028030399873,0.012698567
77,83.13873434100242,0.012719237
78,83.42925739299972,0.012743626
79,83.71919155200158,0.012770853
80,84.00749826500396,0.012802644
81,84.29618501700315,0.012840399
82,84.57994175000204,0.01288133
83,84.87028741899849,0.012918888
84,85.16205930800061,0.012946762
85,85.45599079200474,0.012961284
86,85.74670171800244,0.012961862
87,86.03691864100256,0.012953227
88,86.32570648199908,0.012941756
89,86.61470222500066,0.012930013
90,86.90431594900292,0.012920162
91,87.22412681599963,0.012916599
92,87.51356792500155,0.012920583
93,87.80450725599803,0.012928203
94,88.09422779099987,0.012935612
95,88.38502311800403,0.012939282
96,88.67258310400211,0.012937164
97,88.96350240799802,0.012932227
98,89.25186061899876,0.012928843
99,89.53987884600065,0.012928636
100,89.8293638230025,0.012931052
101,90.11950349900144,0.012935181
102,90.41158485499909,0.012940787
103,90.70174694099842,0.012948019
104,90.99187803300447,0.012955953
105,91.28113126799872,0.012962818
106,91.57225561200175,0.012968171
107,91.86184406300163,0.012973298
108,92.15127134400245,0.012980848
109,92.439093590001,0.012991318
110,172.10119962700264,0.012980143
111,172.38181257300312,0.012917843
112,172.66369915100222,0.012821614
113,172.94310617500014,0.012725364
114,173.22477960600372,0.012643369
115,173.50548315099877,0.012582726
116,173.7853078850021,0.012544789
117,174.06664753000223,0.012523487
118,174.345817565998,0.012512869
119,174.6283245090017,0.012508865
120,174.93256425900472,0.012507152
121,175.21245670400094,0.012505636
122,175.49131345799833,0.012504783
123,175.77935314200295,0.012504456
124,176.0686297420034,0.012504291
125,176.3569893840031,0.012504547
126,176.6477684979982,0.012505501
127,176.93697977100237,0.012506869
128,177.22406864200457,0.012507571
129,177.5113506320049,0.012507552
130,177.8003487590031,0.012507855
131,178.08591079799953,0.012508279
132,178.37637567600177,0.01250685
133,178.6658229829991,0.012503642
134,178.95573902199976,0.012500534
135,179.24461412500386,0.012497706
136,179.5332012180006,0.012495606
137,179.82073783899978,0.012495144
138,180.10738134400162,0.012495331
139,180.39498138500494,0.012494748
140,180.69559812600346,0.012493722
141,180.98332023699913,0.012494667
142,181.2723226550006,0.01249783
143,181.55620384299982,0.012500504
144,181.82783413000288,0.012501081
145,182.1148476610033,0.012499612
146,182.40285492000112,0.012496914
147,182.69309568500466,0.012493169
148,182.98260927200317,0.012488384
149,183.27200126700336,0.012483796
150,183.56336593699962,0.012480053
151,183.85287189500377,0.012476689
152,184.13933897099923,0.012474366
153,184.41789245700056,0.012473554
154,184.69719410000107,0.012473414
155,184.98012924200157,0.012472577
156,185.2600269320028,0.012470382
157,185.5459709170027,0.012467714
158,185.83547449199978,0.012464498
159,186.12084817900177,0.012461535
160,186.41110277199914,0.012460734
161,186.70049142900098,0.012461235
162,186.98885345500457,0.012463666
163,187.2788481719981,0.012469558
164,187.56468296100502,0.012476628
165,187.8543677330017,0.012482941
166,188.1422648430016,0.012488239
167,188.42968463899888,0.012492216
168,188.71863699000096,0.012494059
169,189.00872182899911,0.012492341
170,189.29988813400269,0.012487367
171,189.59151268099959,0.012481485
172,189.88285064700176,0.012476122
173,190.16937112899905,0.012471631
174,190.46212196400302,0.012468739
175,190.75246000300103,0.012467662
176,191.04287338300492,0.012468417
177,191.3293409350008,0.012470393
178,191.616054058999,0.012472017
179,191.9048905380041,0.012471785
180,192.19163608600502,0.012469543
181,192.4816846850008,0.012466608
182,192.77283048700338,0.012463884
183,193.05618476900418,0.012461258
184,193.34621715600224,0.012458729
185,193.6357274059992,0.012456262
186,193.92275142700237,0.012455421
187,194.20641231600166,0.012458421
188,194.49290514000313,0.012464052
189,194.78263187500124,0.012470458
190,195.07120084800408,0.012476072
191,195.35659027100337,0.012478414
192,195.64633941699867,0.012476825
193,195.93189764099952,0.012472004
194,196.2233362199986,0.012466066
195,196.51051139899937,0.012461414
196,196.80080175400508,0.012458356
197,197.08414793100383,0.012456747
198,197.37228488999972,0.012457041
199,197.66049146700243,0.012458781
200,197.94852161499875,0.012461328
201,198.2364816670015,0.012465908
202,198.52541208299954,0.012473128
203,198.8148951539988,0.012481415
204,199.10382318500342,0.012489825
205,199.39151477900305,0.012498655
206,199.6709156040015,0.012508627
207,199.95210504600254,0.012521085
208,200.24074411400215,0.012537472
209,200.52901887900225,0.012559541
210,200.81753158599895,0.012586328
211,201.10352087100182,0.012614505
212,201.39210796399857,0.012643072
213,201.6827349669984,0.012671409
214,201.97188806600025,0.012697211
215,202.26206112000364,0.012717772
216,202.5511937150004,0.012729679
217,202.83937120500195,0.012731547
218,203.13024282499828,0.012726128
219,203.41762209000444,0.012717456
220,283.9554405220042,0.012709577
221,284.234779835002,0.012704543
222,284.5193643570019,0.012701852
223,284.80506372499804,0.012702548
224,285.0879845620002,0.012709087
225,285.37274646800506,0.012721391
226,285.6517438890005,0.012737036
227,285.9307823190029,0.012753351
228,286.2099490170003,0.012766302
229,286.48793029800436,0.012773076
230,286.76693344199884,0.012776314
231,287.04693412800407,0.012780936
232,287.3259310729991,0.012787463
233,287.60593223600154,0.012792739
234,287.8829340939992,0.012795642
235,288.16196584700083,0.01279755
236,288.4399313930044,0.012799403
237,288.71996975000366,0.012801592
238,288.9999685290022,0.012805216
239,289.2799696930015,0.012810515
240,289.5599741940023,0.012816231
241,289.8579711920029,0.012823203
242,290.13893175200064,0.012833204
243,290.4189767839998,0.012845841
244,290.7019681940001,0.012859216
245,290.98193264099973,0.012869042
246,291.2629323010042,0.012871359
247,291.5419321060035,0.012865573
248,291.8219366080011,0.012853302
249,292.10196924299817,0.012838006
250,292.38594341299904,0.012823699
251,292.6719350819985,0.012812677
252,292.96593523100455,0.012805189
253,293.2460269930016,0.012799877
254,293.5293903359998,0.012795894
255,293.816079617005,0.012793103
256,294.1057877550047,0.012792954
257,294.3872647290045,0.012801532
258,294.6733722690042,0.012827956
259,294.95629549099976,0.012879226
260,295.2397084240001,0.012953592
261,295.5207443239997,0.013040253
262,295.8015966419989,0.013127207
263,296.0834331520018,0.013208177
264,296.36439323500235,0.013283009
265,296.64239358899795,0.013351533
266,296.92142772700026,0.013412879
267,297.19935750999866,0.013468286
268,297.47923612600425,0.013521143
269,297.7601938250009,0.013575188
270,298.0459041600043,0.013631582
271,298.32457065600465,0.013689044
272,298.6070261010027,0.013743616
273,298.88602399900265,0.01379052
274,299.1763362890051,0.013826724
275,299.45557212900167,0.013851326
276,299.7408800129997,0.013867009
277,300.0208821300039,0.013877502
278,300.3018856050039,0.013884702
279,300.58088588800456,0.01388744
280,300.8598132140032,0.013883204
281,301.1504001620051,0.013875049
282,301.4398694039992,0.013870433
283,301.73057699199853,0.013872264
284,302.01508426700457,0.013878055
285,302.29928493500483,0.013884581
286,302.5905222900037,0.013888606
287,302.87894201300514,0.013888925
288,303.1641588220009,0.013886491
289,303.45061636000173,0.013879092
290,303.73691129700455,0.013863707
291,304.01973867500055,0.013842867
292,304.3079524040004,0.013822122
293,304.5975518230043,0.013802402
294,304.8849267960031,0.013782489
295,305.165090085,0.013763613
296,305.45128297900374,0.013747663
297,305.7397403720024,0.013736856
298,306.0296745300002,0.013730384
299,306.3180775650035,0.013725814
300,306.6105337150002,0.013721094
301,306.8994383820027,0.013711682
302,307.1868906029995,0.013695022
303,307.4777574539985,0.013672653
304,307.767168999002,0.013647153
305,308.05570793199877,0.013619902
306,308.3456368449988,0.013591517
307,308.6343264579991,0.013564045
308,308.923381806002,0.013538636
309,309.21220779500436,0.01351541
310,309.4999403960028,0.013496096
311,309.78754329700314,0.013480887
312,310.0769281390021,0.013467419
313,310.36515760500333,0.013453621
314,310.6545491220022,0.013438786
315,310.94465494200267,0.013421514
316,311.2331662180004,0.013401383
317,311.5203766830018,0.013382261
318,311.8103270540014,0.013366454
319,312.0983314519981,0.013351346
320,312.38454961800016,0.01333489
321,312.672939778,0.013316977
322,312.9631843570023,0.01329759
323,313.2333264359986,0.013279046
324,313.51752233599836,0.013263127
325,313.8061275490036,0.013247458
326,314.0881214149995,0.013230117
327,314.3755335809983,0.013210984
328,314.66183137900225,0.01319015
329,314.94988203100365,0.013168866
330,394.7731723789984,0.013128127
331,395.05252027600363,0.013041931
332,395.33153057099844,0.012926751
333,395.60948562699923,0.012816152
334,395.88848543199856,0.012725873
335,396.16648674099997,0.012660212
336,396.44548750000104,0.012617
337,396.7235226640041,0.012592003
338,397.00248766000004,0.012579424
339,397.2824864389986,0.012575251
340,397.5645222669991,0.012578036
341,397.8425226219988,0.012585364
342,398.1204895980045,0.012593886
343,398.39951706000284,0.012601106
344,398.67854595200333,0.0126069
345,398.9580688479982,0.012611468
346,399.2372884760043,0.012614216
347,399.52554035199864,0.012615422
348,399.81413364499895,0.012615792
349,400.102108002,0.012614319
350,400.39050531400426,0.012610435
351,400.6816434860011,0.012604914
352,400.9665999420031,0.012598722
353,401.25586795900017,0.012595562
354,401.5444474219985,0.012599366
355,401.8323931699997,0.012609964
356,402.1213588719984,0.012623856
357,402.406152249001,0.012635169
358,402.693552018005,0.012641525
359,402.9816393860019,0.012644697
360,403.27186775299924,0.012645408
361,403.56237268500263,0.012644981
362,403.8524737359985,0.012642518
363,404.1414489750023,0.012635158
364,404.4272599219985,0.012624212
365,404.71731758199894,0.012613104
366,405.0056810380047,0.0126041
367,405.29393816000083,0.01259634
368,405.5791873940034,0.012587268
369,405.86724376700295,0.012576958
370,406.15240430900303,0.012566906
371,406.4425196650045,0.012556079
372,406.730982304005,0.012544892
373,407.0205416680037,0.012537574
374,407.3098645210048,0.012534347
375,407.5972623830021,0.012532605
376,407.88969659899885,0.012532465
377,408.17876577399875,0.012532606
378,408.4674882890031,0.012530821
379,408.75801467899873,0.012526929
380,409.04684400599945,0.012521274
381,409.3351564410041,0.012516781
382,409.62336826400133,0.012515817
383,409.9124374390012,0.012516262
384,410.19933652900363,0.012516069
385,410.4882168769982,0.012515018
386,410.77689695400477,0.012512705
387,411.0655846599984,0.012508987
388,411.35375976600335,0.012503792
389,411.6446852689987,0.012496253
390,411.9340286260049,0.012487064
391,412.2191076279996,0.012477455
392,412.50917434700386,0.012468292
393,412.7994899750047,0.012460607
394,413.0889282229982,0.012452508
395,413.3767747880047,0.012442615
396,413.66696739200415,0.012435034
397,413.9541325570026,0.012432409
398,414.2435274130039,0.012432155
399,414.5335125929996,0.012432141
400,414.8225131040017,0.012430058
401,415.11195468900405,0.012423595
402,415.40099430100236,0.012415043
403,415.6904854780005,0.012407624
404,415.980567933002,0.012401143
405,416.2655453690022,0.012394074
406,416.54977989200415,0.012386372
407,416.8355522159982,0.012379415
408,417.12425231999805,0.012373285
409,417.4128394130021,0.01236717
410,417.70171594700514,0.012360605
411,417.98857355200016,0.012353685
412,418.27439403600147,0.012347809
413,418.56336498300516,0.012343687
414,418.84815645300114,0.012341812
415,419.1378889090047,0.012342089
416,419.4273700720005,0.012341898
417,419.7145299920012,0.012340917
418,420.007021903999,0.012341354
419,420.29544258199894,0.012342287
420,420.5816564560009,0.012342215
421,420.8670206070019,0.012341836
422,421.148077965001,0.012341938
423,421.4348368650026,0.012342988
424,421.7211270340049,0.012345151
425,422.00885582000046,0.012347358
426,422.29655790400284,0.012348699
427,422.5813560489987,0.012350046
428,422.8684396750032,0.012351548
429,423.15385627800424,0.012351625
430,423.44151783000416,0.012350089
431,423.7274994850013,0.012349212
432,424.013356209005,0.012351814
433,424.30349826900056,0.01235954
434,424.5896515850036,0.012373357
435,424.87516832400433,0.012392635
436,425.15761137100344,0.012412815
437,425.4415960320039,0.012429457
438,425.73759794299986,0.012442827
439,426.02559518899943,0.012454116
440,506.5436601640031,0.012476943
441,506.83645820699894,0.012530632
442,507.1230106360017,0.012604231
443,507.40675020300114,0.012672239
444,507.6910953530023,0.012724067
445,507.97353696900245,0.01275861
446,508.2572698600052,0.012778263
447,508.55126571700384,0.012787003
448,508.86249446900183,0.012788359
449,509.1491861350005,0.012784765
450,509.43822240900045,0.012778269
451,509.72856235600193,0.01277116
452,510.0110955240016,0.012765626
453,510.30087614100194,0.012762871
454,510.58883333300037,0.012761024
455,510.8761081699995,0.012756719
456,511.16349172600167,0.01275021
457,511.44974279500457,0.012744392
458,511.73964738900395,0.01274665
459,512.0268731120013,0.012771564
460,512.3165240290036,0.012829124
461,512.6065807350024,0.01291627
462,512.8993000990013,0.013018472
463,513.1835389140033,0.013113516
464,513.4675521860045,0.013181287
465,513.7535505300038,0.013211303
466,514.0643639570044,0.013204927
467,514.3542075160003,0.013172054
468,514.6400389679984,0.013124191
469,514.9264678960026,0.013072449
470,515.2126088150035,0.013024796
471,515.501855374001,0.012984478
472,515.7885870940008,0.012953582
473,516.0767922410014,0.012934585
474,516.3644747740036,0.012928406
475,516.6512775430019,0.012929993
476,516.940914630999,0.012931341
477,517.2253036500042,0.012930402
478,517.5118451119997,0.012927987
479,517.8013863570013,0.012922784
480,518.0839343080006,0.012916488
481,518.3693237309999,0.012912691
482,518.6549124720041,0.012914097
483,518.9442620280024,0.01292232
484,519.2337303169988,0.012936121
485,519.5196557050003,0.012954246
486,519.804271697998,0.012974101
487,520.0927228930013,0.01299288
488,520.3776726729993,0.013010472
489,520.6793122300005,0.013025222
490,520.997469902999,0.013035916
491,521.3028893480005,0.013044492
492,521.5851759920042,0.013053141
493,521.8684020049986,0.013062459
494,522.1576519020018,0.013071016
495,522.483170987005,0.013077734
496,522.7689743049996,0.013083909
497,523.0523066530004,0.013089781
498,523.3364129070033,0.013091833
499,523.6229772570005,0.013086641
500,523.9107408530035,0.013075775
501,524.1983456620001,0.013061445
502,524.4857463840017,0.013042735
503,524.771098614001,0.013022005
504,525.0835084920036,0.01300495
505,525.3727164270022,0.012998758
506,525.6628098490037,0.013013305
507,526.071425438,0.013052072
508,526.3613481530047,0.013106037
509,526.6500344279993,0.013161498
510,526.933110238002,0.013208975
511,527.222486972998,0.013244587
512,527.5086970330012,0.013267739
513,527.7926979070035,0.013279722
514,528.0797257430022,0.013284009
515,528.3654890070029,0.013285391
516,528.6553530700039,0.013289211
517,528.9424881939995,0.013300575
518,529.2325711250014,0.013323883
519,529.5208077440038,0.013358763
520,529.8085360530022,0.013394507
521,530.0919284830015,0.013416512
522,530.382392407002,0.013415944
523,530.6624569900014,0.013393068
524,530.9446263319987,0.01335166
525,531.2257189759985,0.013295861
526,531.5063958169994,0.013232837
527,531.7872595790031,0.01316998
528,532.0667929650008,0.013112854
529,532.3463902479998,0.013064122
530,532.6266698840045,0.013024822
531,532.9072103510043,0.012995472
532,533.1872982979985,0.012975215
533,533.4652080540036,0.012961916
534,533.7448616030015,0.012954492
535,534.0248541840047,0.012952728
536,534.3050141339991,0.012955285
537,534.5855116849998,0.01296218
538,534.8667130469985,0.012973575
539,535.1463875780028,0.012988906
540,535.426536084,0.013007709
541,535.7067766190012,0.013025612
542,535.9853773120049,0.013039475
543,536.2647075659988,0.013050449
544,536.5456180580004,0.013058619
545,536.8241634369988,0.013060602
546,537.1043820390041,0.013052305
547,537.3839726450024,0.013035237
548,537.6638555530008,0.013014197
549,537.9473032960013,0.012992015
550,617.5016121869994,0.012920639
551,617.7816815379992,0.012738787
552,618.0616111760028,0.012487049
553,618.3436493879999,0.012245212
554,618.6228232389985,0.012050965
555,618.9041557320015,0.011914924
556,619.1852865219989,0.011830178
557,619.4654049880046,0.011783516
558,619.7468481070027,0.011762025
559,620.0274386410019,0.011756179
560,620.308792115,0.011759565
561,620.5880045900049,0.011766705
562,620.8688850410035,0.011775867
563,621.1497998240011,0.011786266
564,621.4300007819984,0.011794225
565,621.7106270790027,0.011797893
566,621.992685795005,0.011797633
567,622.2742009170033,0.011794811
568,622.5555820470036,0.011790741
569,622.8342304230027,0.011786571
570,623.1147809030008,0.011783156
571,623.3952360160038,0.011779365
572,623.6763486870041,0.011776001
573,623.9567351350051,0.011775003
574,624.235571862002,0.011775013
575,624.5150957110018,0.011775381
576,624.796270371,0.0117774
577,625.0770545010018,0.011779979
578,625.3584456450044,0.011780963
579,625.6391139039988,0.01177995
580,625.9204516419995,0.01177875
581,626.2028770450052,0.011778269
582,626.4828085900008,0.011776957
583,626.7637496000025,0.011774915
584,627.0432577140018,0.011772178
585,627.3235573769998,0.011768953
586,627.603194714,0.011767954
587,627.8846573830015,0.011769954
588,628.1679358490001,0.011773659
589,628.4489603050024,0.01177809
590,628.7290430069988,0.011781758
591,629.0105590820021,0.011784291
592,629.2900991440038,0.011786466
593,629.5712499619985,0.011788345
594,629.8573493959993,0.011790216
595,630.1385502820049,0.011791096
596,630.420188904005,0.011788299
597,630.6994080549994,0.011781591
598,630.9794783600009,0.011774743
599,631.2590417870015,0.011770354
600,631.5390653610011,0.011768499
601,631.819446087,0.011769314
602,632.0996098520045,0.011770848
603,632.3797998430018,0.011770857
604,632.6590075499989,0.011769954
605,632.9411420830002,0.011768616
606,633.2213826180014,0.01176687
607,633.5032835009988,0.011764664
608,633.7832541469979,0.011762507
609,634.0641527180051,0.011760905
610,634.3460721970041,0.011758903
611,634.6264815340037,0.011755829
612,634.9059162140038,0.011753371
613,635.1867146500008,0.011752298
614,635.4671211250024,0.011750763
615,635.7493977550039,0.011748297
616,636.0324115760013,0.011745278
617,636.3156123170047,0.011742962
618,636.5960326200002,0.01174296
619,636.875692845002,0.0117452
620,637.1563668259987,0.011749379
621,637.4403944020014,0.011754433
622,637.7215452200035,0.011758779
623,638.0021300320004,0.011759518
624,638.2827963829986,0.011756439
625,638.562216282,0.01175445
626,638.8413343430002,0.01175397
627,639.1233906749985,0.01175339
628,639.4042053230005,0.011753278
629,639.684320927001,0.011753673
630,639.9652833939981,0.01175516
631,640.2454237940037,0.011757132
632,640.5251636510002,0.011757482
633,640.8052082069989,0.011755289
634,641.0857515340031,0.011751298
635,641.3674454690045,0.011747133
636,641.6493515969996,0.011743727
637,641.9292335510036,0.011740846
638,642.2088122370042,0.011738691
639,642.4901604660045,0.011737444
640,642.7710828790005,0.011735821
641,643.050782680999,0.011732123
642,643.3312120440023,0.011727252
643,643.6121001249994,0.011723899
644,643.8917531970001,0.011722773
645,644.1724476820018,0.011723122
646,644.4521689419998,0.011724787
647,644.7330403329979,0.011727265
648,645.0124402049987,0.011728895
649,645.2935237890051,0.011730016
650,645.57362938,0.011731951
651,645.8530855179997,0.011733706
652,646.134613991002,0.011735202
653,646.415569306002,0.011736963
654,646.6959357270025,0.011738682
655,646.9781155590026,0.011740388
656,647.2589769370024,0.011741791
657,647.5401453980012,0.011741903
658,647.8197150240012,0.011740062
659,648.1011214259997,0.011737657
660,728.2435588840017,0.011721606
661,728.5253729820033,0.011671496
662,728.8049998290007,0.011596824
663,729.0840058329995,0.011522829
664,729.3648366929992,0.01146162
665,729.6445355420001,0.011416123
666,729.9260859490023,0.011387471
667,730.2069602019983,0.011373303
668,730.4894404420047,0.011367722
669,730.7686100010033,0.011366372
670,731.0495219240038,0.011367934
671,731.3317589760045,0.01137179
672,731.6118187910033,0.01137683
673,731.8933391579994,0.011381385
674,732.1743326190044,0.011383535
675,732.4550347330005,0.011383982
676,732.7370843890021,0.011384759
677,733.0183320049982,0.011385396
678,733.2979626660017,0.011385858
679,733.5792474750051,0.011385855
680,733.8586287500002,0.011383912
681,734.140516282001,0.011380603
682,734.420287132998,0.011377061
683,734.7001972200014,0.011373629
684,734.9798727040034,0.011371328
685,735.2627816200038,0.011370219
686,735.5458211900041,0.011368647
687,735.8278455740001,0.01136765
688,736.1070079810015,0.011368731
689,736.3891477590005,0.01136961
690,736.6706485750037,0.011368681
691,736.9497261049983,0.011366885
692,737.2295613290044,0.01136597
693,737.5103507050007,0.011366434
694,737.7900485999999,0.011366805
695,738.0707716949983,0.0113662
696,738.3522043230041,0.011364677
697,738.6326103219981,0.011363292
698,738.9127993590009,0.011362823
699,739.1922264099994,0.011362354
700,739.4730243689992,0.011360835
701,739.7535390859994,0.011358614
702,740.033068181001,0.011357426
703,740.3142237670036,0.011357538
704,740.5953478820011,0.011358394
705,740.8755316739989,0.011359668
706,741.1551070220012,0.011360845
707,741.4352169039994,0.011362061
708,741.7176318170023,0.011362501
709,741.9990539560022,0.011361395
710,742.2802753450014,0.011359871
711,742.5694818500051,0.01135941
712,742.8520855910028,0.01136034
713,743.1342020040029,0.011360749
714,743.4167842870011,0.011359353
715,743.6985545159987,0.011357169
716,743.9781303409982,0.011355142
717,744.2592372900035,0.011353238
718,744.5421943670008,0.011350395
719,744.8235483169992,0.011347261
720,745.1038193710046,0.011347436
721,745.3841748240011,0.011351857
722,745.6653165820026,0.011357013
723,745.944276809998,0.011359901
724,746.2225012780036,0.011360253
725,746.501537322998,0.011359635
726,746.7830147749992,0.011359347
727,747.0627017029983,0.011359292
728,747.3415322310029,0.011359877
729,747.6217474939986,0.011361911
730,747.9026241309984,0.011365244
731,748.1823606500038,0.011369071
732,748.4625964170045,0.011372407
733,748.7428383830047,0.011376057
734,749.022719861001,0.011380625
735,749.3003597260031,0.011383971
736,749.5817074779989,0.011384076
737,749.8615121850016,0.011381367
738,750.1405544290028,0.011377304
739,750.4201765070029,0.011373016
740,750.7054142960042,0.011368995
741,750.9841127399995,0.011365966
742,751.2642865189991,0.011365473
743,751.5452294350034,0.011366978
744,751.8263430599982,0.011368535
745,752.1073412900005,0.011368862
746,752.3890895849981,0.01136697
747,752.6692190169997,0.011363364
748,752.9508075720005,0.011359555
749,753.2306518559999,0.011357452
750,753.5101065640047,0.011357515
751,753.792485238002,0.011358578
752,754.0731215480046,0.011361061
753,754.3546080590022,0.011364059
754,754.633429528003,0.011365731
755,754.9144105919986,0.011365658
756,755.1969151500016,0.011363932
757,755.4768176080033,0.011360784
758,755.7582693100048,0.011357456
759,756.0382728580007,0.011356038
760,756.318151473999,0.011357057
761,756.5991172799986,0.011359428
762,756.8804221160026,0.011362571
763,757.1600379950032,0.01136658
764,757.444348336001,0.011371067
765,757.7232642180024,0.011376175
766,758.005506516005,0.011380834
767,758.2868061070039,0.011383262
768,758.5682249070014,0.011384767
769,758.8491792679997,0.011386359
770,839.2716965680011,0.01137636
771,839.559444905004,0.011340602
772,839.8427181250008,0.011287248
773,840.1262722020037,0.011233644
774,840.4072437290015,0.01118971
775,840.6887350090037,0.011160076
776,840.9694433219993,0.011142765
777,841.2515063290048,0.011133397
778,841.5331206330011,0.011128836
779,841.815877437999,0.011127109
780,842.0974245079997,0.011127951
781,842.3785009390049,0.011131263
782,842.6603336340049,0.011136688
783,842.9413833619983,0.011142317
784,843.2223334320006,0.01114519
785,843.5045723920048,0.011144609
786,843.7870159150043,0.011142293
787,844.0676121720026,0.011139538
788,844.346560001999,0.011135564
789,844.6284608850037,0.011129873
790,844.9102525720009,0.011123808
791,845.1938452730028,0.011118212
792,845.4745922090005,0.011113035
793,845.7583494190039,0.01110967
794,846.0372200019992,0.011110624
795,846.3194828039996,0.011115756
796,846.600358487005,0.011121056
797,846.8821096419997,0.011122845
798,847.1678881650005,0.011120814
799,847.4520206460002,0.011116405
800,847.7323055270026,0.011111721
801,848.013154029999,0.011107835
802,848.2933926590049,0.011104513
803,848.5765166290003,0.011102046
804,848.8568220140005,0.011100834
805,849.1378264430023,0.011101207
806,849.4188218120034,0.011102518
807,849.7008209230044,0.011103877
808,849.9849233630011,0.011105833
809,850.2660775190016,0.011108799
810,850.5469923019991,0.011112689
811,850.8283820159995,0.011117089
812,851.1113839149984,0.011121126
813,851.396703244005,0.011124983
814,851.6755189899995,0.011127398
815,851.9564051630005,0.011126461
816,852.2371191979983,0.01112341
817,852.5164680489979,0.011119578
818,852.7977347380001,0.011115241
819,853.082931996003,0.011110637
820,853.3622493750008,0.011105938
821,853.643054486005,0.011102025
822,853.922694683999,0.011098517
823,854.2022333150016,0.011093683
824,854.4831342699981,0.01108925
825,854.764375687002,0.011087983
826,855.0440421110034,0.011088481
827,855.3223991400009,0.01108929
828,855.6020860680001,0.011091578
829,855.8819274909984,0.011094768
830,856.162404061004,0.011097355
831,856.4412336349997,0.011099779
832,856.7209873200045,0.011102787
833,857.0039467820025,0.011105345
834,857.2852072719979,0.011105683
835,857.568344117004,0.011104558
836,857.8509693150045,0.011103677
837,858.1316552170028,0.011103375
838,858.4117431650011,0.011102896
839,858.6937189110031,0.011101902
840,858.9746456150024,0.01110097
841,859.2548027040029,0.011099211
842,859.536041737003,0.011096385
843,859.8172106749989,0.011094425
844,860.0998387340005,0.01109496
845,860.3796305659998,0.011096601
846,860.6601037979999,0.011096559
847,860.941932202004,0.011096189
848,861.220468997999,0.01109796
849,861.5016489030022,0.011100647
850,861.7818403249985,0.011102821
851,862.0608711250024,0.011104945
852,862.339169980005,0.011107243
853,862.6180095680029,0.011109275
854,862.897679806003,0.011111108
855,863.1826438909993,0.011112737
856,863.4670987130012,0.011114364
857,863.7485008240037,0.011116625
858,864.0299515730003,0.011118818
859,864.3094439510023,0.011119782
860,864.5889897349989,0.011119431
861,864.8690357209998,0.011118815
862,865.1489057549989,0.011119338
863,865.4304142000037,0.011121916
864,865.7083716400011,0.01112633
865,865.9859819420017,0.011130842
866,866.2678141600045,0.011134334
867,866.5475049020024,0.011137392
868,866.8259615900024,0.011140277
869,867.1055297860003,0.011141865
870,867.3849139220038,0.011140473
871,867.6653685569981,0.011137416
872,867.946111203004,0.011135425
873,868.2272844320032,0.011134399
874,868.506950379,0.01113358
875,868.7859954840023,0.011132469
876,869.0692081460002,0.011131065
877,869.3513040550024,0.011130909
878,869.630924224999,0.011132132
879,869.9123349190049,0.011132667
880,949.699781895004,0.011124403
881,951.7838535310002,0.011098128
882,952.0728611950035,0.011058517
883,952.3678655629992,0.011017885
884,952.6638770110003,0.010984222
885,952.9618816380025,0.010960627
886,953.2588977820051,0.010946464
887,953.5529012679981,0.010938954
888,953.8409113890011,0.010935932
889,954.1293134689986,0.01093676
890,954.4170036319993,0.01093897
891,954.703698158999,0.010940369
892,954.9944357880013,0.010940831
893,955.2864422800048,0.010941108
894,955.5774946220045,0.010942028
895,955.8659844400026,0.010940987
896,956.1531291010033,0.010937337
897,956.4401726729993,0.010934142
898,956.7302045830002,0.010932396
899,957.016984463,0.010932147
900,957.302799224999,0.010932341
901,957.5873270040029,0.010931743
902,957.8740901950005,0.010930902
903,958.1580538749986,0.010929066
904,958.4433155060033,0.010926422
905,958.7297663690042,0.010924769
906,959.0168199539985,0.010923419
907,959.3048276910049,0.010922504
908,959.5898332600045,0.010923307
909,959.8748431210042,0.010924737
910,960.1628875739989,0.010926283
911,961.1994090080043,0.010928087
912,961.4914183619985,0.010928592
913,961.7794270520026,0.010927113
914,962.0664629940002,0.010924358
915,962.3517403610022,0.010921927
916,962.640113831003,0.010922287
917,962.9239501960037,0.010926231
918,963.2087259300024,0.010931854
919,963.4947123530001,0.010935948
920,963.7782173160012,0.010936822
921,964.0632901200006,0.010935157
922,964.3480949410005,0.010931648
923,964.6339721680051,0.010926916
924,964.9166579250013,0.010922684
925,965.203693866999,0.010920669
926,965.4889473920048,0.010921225
927,965.7732577330025,0.010923045
928,966.0588564880018,0.010925238
929,966.3457007410034,0.010929051
930,966.6330022820039,0.010934626
931,966.9186058050036,0.010938943
932,967.2032251359997,0.01094082
933,967.4885597230023,0.010941769
934,967.7713737490049,0.010941996
935,968.0562458040004,0.010939972
936,968.3405890470021,0.010935636
937,968.6236820230042,0.010931527
938,968.9072537430038,0.01092941
939,969.189454555999,0.01092881
940,969.4753985409989,0.010928808
941,969.759423733005,0.010929681
942,970.0440254220011,0.010931301
943,970.326685429005,0.010932637
944,970.6139678960026,0.010933362
945,970.8988695150038,0.010935136
946,971.1832628250049,0.01093981
947,971.4657802590009,0.010945173
948,971.7553849219985,0.010947416
949,972.0390648850007,0.010946771
950,972.3223147399985,0.010945735
951,972.6048984529989,0.010945096
952,972.8892726900012,0.010945424
953,973.171869278005,0.01094699
954,973.457931996003,0.010949027
955,973.7423477179982,0.010950668
956,974.0253582010046,0.010952912
957,974.3083643920036,0.01095546
958,974.5913734440037,0.010956112
959,974.8739099509985,0.010954605
960,975.155974389003,0.010951339
961,975.4398117070014,0.01094806
962,975.7224168780012,0.010945612
963,976.0093874939994,0.010942748
964,976.2973957069989,0.01093953
965,976.5934066780028,0.010937789
966,976.8864135750046,0.010938433
967,977.1724238399984,0.010940115
968,977.4624357229986,0.010941727
969,977.7514443399996,0.010942837
970,978.0414519309998,0.010942863
971,978.3284597399979,0.010942449
972,978.6174716950045,0.010943145
973,978.9104771620041,0.010945384
974,979.2014932640013,0.010947144
975,979.4895625120043,0.010946448
976,979.7788276680003,0.010944106
977,980.0678362850012,0.010941525
978,980.3548483850027,0.010939641
979,980.6418538100042,0.01093998
980,980.9308633809997,0.01094221
981,981.2208704950026,0.010943332
982,981.5098795900049,0.010942344
983,981.797890187001,0.010940822
984,982.0849013330007,0.010940879
985,982.3729076390009,0.01094277
986,982.6639199260026,0.010944576
987,982.951925278001,0.010944858
988,983.2379407890039,0.010944184
989,983.5289444930022,0.0109441
990,1064.4463586810016,0.010939653
991,1064.7321772580035,0.010924377
992,1065.0183596620045,0.010903003
993,1065.3029165269982,0.010883506
994,1065.5883607869982,0.010869102
995,1065.8739361769985,0.010860596
996,1066.1613373760047,0.010855871
997,1066.4463500979982,0.010851794
998,1066.7313547140002,0.010847724
999,1067.0183696750028,0.010844844
1000,1067.3055458070012,0.01084316
1001,1067.5919642450026,0.010840718
1002,1067.8776116380031,0.010837308
1003,1068.162346363999,0.010835061
1004,1068.4445209510013,0.010834613
1005,1068.7281432160016,0.010835901
1006,1069.0125298499988,0.010837699
1007,1069.297504426002,0.010838336
1008,1069.5841183669982,0.010837908
1009,1069.8691878320024,0.010836258
1010,1070.154197693002,0.010833541
1011,1070.4381160740013,0.010830892
1012,1070.724806309001,0.010829153
1013,1071.0118107800008,0.010827821
1014,1071.2988200190011,0.010826403
1015,1071.586309432998,0.010824917
1016,1071.8714475640008,0.01082298
1017,1072.1566567429982,0.01082186
1018,1072.4402027129981,0.010821454
1019,1072.7259979250011,0.010819812
1020,1073.010645866998,0.010817841
1021,1073.2944397930041,0.010816288
1022,1073.5805683139988,0.010815835
1023,1073.8666758539985,0.010817941
1024,1074.1540098190017,0.010820903
1025,1074.4408745770052,0.010822429
1026,1074.724342346999,0.010823211
1027,1075.011852265001,0.010825362
1028,1075.2968535430045,0.010828478
1029,1075.5808596620045,0.010829997
1030,1075.8658661849986,0.010829923
1031,1076.1508855819993,0.010829929
1032,1076.4366631509984,0.01082997
1033,1076.7205014229985,0.010830514
1034,1077.0074276930027,0.010832557
1035,1077.2926425940022,0.010834877
1036,1077.582251549,0.010835772
1037,1077.8714857110026,0.010834136
1038,1078.1599617009997,0.010830586
1039,1078.4489512450018,0.010827491
1040,1078.728738785001,0.010826589
1041,1079.011540890002,0.010827284
1042,1079.293815613004,0.010828103
1043,1079.5765624050036,0.010828208
1044,1079.858302116998,0.010826141
1045,1080.141185761,0.010821837
1046,1080.426337719,0.010817457
1047,1080.7083759310044,0.010813715
1048,1080.990223408,0.010810341
1049,1081.272785664005,0.01080855
1050,1081.5549302110012,0.010808696
1051,1081.8351721770014,0.010810632
1052,1082.1177730560012,0.010813633
1053,1082.4003653530017,0.010815369
1054,1082.683409213998,0.010815681
1055,1082.9665784840035,0.010815157
1056,1083.2496881490006,0.010813448
1057,1083.533810615998,0.010811254
1058,1083.8185415269982,0.010809415
1059,1084.0985069279996,0.010807842
1060,1084.3840532309987,0.010806306
1061,1084.6680212030042,0.010804085
1062,1084.951032639001,0.010800532
1063,1085.2364444740015,0.010797837
1064,1085.5204882629987,0.010798758
1065,1085.804420471999,0.010801801
1066,1086.0885753640032,0.010803789
1067,1086.370333671999,0.010804207
1068,1086.654347896998,0.010804825
1069,1086.9373536109997,0.010806924
1070,1087.2224006660035,0.010808893
1071,1087.5063724520005,0.010809139
1072,1087.7927246100007,0.010808631
1073,1088.078507901002,0.010808667
1074,1088.3635406500034,0.010809656
1075,1088.6476874360014,0.01081108
1076,1088.930699826,0.010811922
1077,1089.2159156800044,0.010811966
1078,1089.5036067969995,0.010810838
1079,1089.7884626390005,0.010808894
1080,1090.075385570999,0.010808809
1081,1090.3603191380025,0.010810861
1082,1090.6460676200004,0.010811783
1083,1090.9315052040038,0.010811333
1084,1091.216375351003,0.01081202
1085,1091.499519349003,0.010813637
1086,1091.7845788010018,0.010815025
1087,1092.0702047349987,0.010815191
1088,1092.3552489290014,0.010813256
1089,1092.6406807899984,0.010811064
1090,1092.9257998469984,0.010810909
1091,1093.2110624320048,0.010811553
1092,1093.494889737005,0.010811519
1093,1093.7794232369997,0.010812025
1094,1094.0717759140025,0.010813954
1095,1094.3571481710023,0.010817334
1096,1094.643898964001,0.010821198
1097,1094.9309144020008,0.010823261
1098,1095.2179183960034,0.010823046
1099,1095.5049242980022,0.010821901
1100,1175.8738174440005,0.010816755
1101,1176.1538858420026,0.010802587
1102,1176.435414315005,0.010782952
1103,1176.717556954005,0.010763399
1104,1177.0005464560018,0.010745501
1105,1177.279985428002,0.010731015
1106,1177.5613970760023,0.010720827
1107,1177.8423309330028,0.010714002
1108,1178.1236591339984,0.010707961
1109,1178.4043707849996,0.010701809
1110,1178.6851382259993,0.010697416
1111,1178.9652891160003,0.010694856
1112,1179.2458996780042,0.010693315
1113,1179.526858807003,0.010694147
1114,1179.8079071050015,0.010696878
1115,1180.0903277399993,0.010697641
1116,1180.370335102998,0.010695968
1117,1180.652555943001,0.01069395
1118,1180.9336829189997,0.010691258
1119,1181.2152180679986,0.010688352
1120,1181.495439530001,0.01068735
1121,1181.7764739990016,0.01068932
1122,1182.0560684209995,0.010692524
1123,1182.336422444001,0.010694743
1124,1182.6182789810046,0.010695568
1125,1182.8980984689988,0.010695538
1126,1183.1811094290024,0.010695653
1127,1185.0321187980007,0.010695387
1128,1185.3125796320019,0.01069341
1129,1185.594711304002,0.01069056
1130,1185.8741865160046,0.010688514
1131,1186.1541447640047,0.010687705
1132,1186.4344716080013,0.010687443
1133,1186.7169384959998,0.010686063
1134,1186.9974536900045,0.010683671
1135,1187.2777633670048,0.0106813
1136,1187.556997300002,0.010679327
1137,1187.8363952639993,0.01067895
1138,1188.119690419,0.01068019
1139,1188.4014635089989,0.010682487
1140,1188.6834940910048,0.010685633
1141,1188.9654307370001,0.010688278
1142,1189.2443170550032,0.010689678
1143,1189.5245604520023,0.010690316
1144,1189.8071084030016,0.010690611
1145,1190.0883874900028,0.010691253
1146,1190.3690619469999,0.010691923
1147,1190.6506552700012,0.010691098
1148,1190.9320006380003,0.010689597
1149,1191.2152934080004,0.010689051
1150,1191.495764256004,0.010688459
1151,1191.7763361940015,0.010687631
1152,1192.0578494080037,0.010687756
1153,1192.3381638530045,0.010689003
1154,1192.6178879740037,0.010690891
1155,1192.8998217590051,0.010692425
1156,1193.1790752419984,0.01069278
1157,1193.459584713004,0.010691489
1158,1193.7400131230024,0.01068805
1159,1194.0193595890014,0.010684139
1160,1194.2990007410044,0.010683277
1161,1194.5807304390037,0.010685387
1162,1194.862797738002,0.010688317
1163,1195.1433320049982,0.010691802
1164,1195.4247918129986,0.010695531
1165,1195.7046332360042,0.010699212
1166,1195.9850482949987,0.010702836
1167,1196.265845299,0.010705488
1168,1196.5450301169985,0.010705624
1169,1196.826527119003,0.010704651
1170,1197.1082329749988,0.010705627
1171,1197.3875689510023,0.010706882
1172,1197.6677045830002,0.010706478
1173,1197.9457349779987,0.010704656
1174,1198.2282600410035,0.010700663
1175,1198.5089373590017,0.010695412
1176,1198.7895226480032,0.010692336
1177,1199.0721931459993,0.010692999
1178,1199.3512659080006,0.010695955
1179,1199.6323132520047,0.01069976
1180,1199.9117202760026,0.010702776
1181,1200.1907496460044,0.010703582
1182,1200.4702777870043,0.010702674
1183,1200.7522792820018,0.010701354
1184,1201.0337820060013,0.010701194
1185,1201.3146171570042,0.010703189
1186,1201.595383644999,0.01070562
1187,1201.8761534700025,0.010707311
1188,1202.157466411998,0.010708369
1189,1202.4377889640018,0.010707526
1190,1202.717475892001,0.010705076
1191,1202.998418807998,0.010702548
1192,1203.2786169059982,0.01070007
1193,1203.5594940189985,0.010697964
1194,1203.8427510270049,0.01069698
1195,1204.1254510880026,0.010697562
1196,1204.411650658003,0.0106993
1197,1204.6916136750006,0.010700033
1198,1204.9725613600021,0.010697993
1199,1205.2524523739994,0.010693939
1200,1205.5340757369995,0.010689807
1201,1205.8145308500025,0.010687484
1202,1206.0939040189987,0.010687279
1203,1206.3747868540013,0.010687711
1204,1206.658761024999,0.010688791
1205,1206.9387741090031,0.010691275
1206,1207.2197728160027,0.01069431
1207,1207.4992971419997,0.010696835
1208,1207.7808742530033,0.010698752
1209,1208.0610609060022,0.010700604
1210,1288.012013436004,0.010695829
1211,1288.2918663029996,0.010674552
1212,1288.5724492080044,0.010642382
1213,1288.8519358640042,0.010612188
1214,1289.1335363390026,0.010588606
1215,1289.4134407050005,0.01057161
1216,1289.6944813730006,0.010560325
1217,1289.9754548080018,0.010553705
1218,1290.2551674850038,0.010550825
1219,1290.5353760720027,0.010549577
1220,1290.8165082940031,0.010547394
1221,1291.0963726050031,0.010544686
1222,1291.3775668150047,0.010543089
1223,1291.6590690619996,0.010543301
1224,1291.939842701002,0.010544594
1225,1292.2204437260007,0.010545813
1226,1292.500665188003,0.010546549
1227,1292.7820796970045,0.010545999
1228,1293.0641355519983,0.010544514
1229,1293.3469200140025,0.010543928
1230,1293.627308369003,0.010544788
1231,1293.9089918140016,0.010545578
1232,1294.1899743079994,0.010545308
1233,1294.4694557190014,0.010544104
1234,1294.749603272001,0.010542212
1235,1295.0288500790048,0.010539741
1236,1295.309398174999,0.010536881
1237,1295.589464665005,0.010533804
1238,1295.8723702440038,0.010530075
1239,1296.1534714700028,0.01052736
1240,1296.4332504280028,0.010527732
1241,1296.7152190210036,0.010529091
1242,1296.9953560830036,0.010529488
1243,1297.277387619004,0.010529815
1244,1297.5613231660027,0.010530412
1245,1297.8419284830015,0.010531
1246,1298.1211857800008,0.010531598
1247,1298.402693748998,0.010532498
1248,1298.6821846970051,0.010533466
1249,1298.9618663790025,0.010534003
1250,1299.2422432899984,0.010534829
1251,1299.5217671400023,0.010536478
1252,1299.8072924619992,0.010538705
1253,1300.089951515998,0.010540333
1254,1300.3713951120008,0.010540023
1255,1300.652127266003,0.010539115
1256,1300.9334793099988,0.010539718
1257,1301.2131509790051,0.010540487
1258,1301.4923791890033,0.010538225
1259,1301.7728705410045,0.010533676
1260,1302.0539522180043,0.010529305
1261,1302.3339772230029,0.010525814
1262,1302.6156568529987,0.010523006
1263,1302.8975272180032,0.01052041
1264,1303.1784782410032,0.010520267
1265,1303.4590153700046,0.010523792
1266,1303.7387471199982,0.010527822
1267,1304.0189700129995,0.010528866
1268,1304.3000617030048,0.010527196
1269,1304.5791330339998,0.010524907
1270,1304.8644948010042,0.010521896
1271,1305.1434617050036,0.010519372
1272,1305.4231624610038,0.010518538
1273,1305.7034187320023,0.010517869
1274,1305.9837074280003,0.010517043
1275,1306.2640671730042,0.010517282
1276,1306.5450901990043,0.01051945
1277,1306.827033997004,0.010522637
1278,1307.108555317005,0.010524574
1279,1307.3881158830045,0.010524568
1280,1307.6701688770045,0.010523977
1281,1307.950162410998,0.010525111
1282,1308.2293596270029,0.010528233
1283,1308.5094113349987,0.010530868
1284,1308.790127278,0.01053212
1285,1309.0716795929984,0.010532305
1286,1309.3521003729984,0.010531895
1287,1309.6319146160022,0.010532224
1288,1309.9128313070032,0.010533335
1289,1310.1932020189997,0.010534004
1290,1310.474715233002,0.01053425
1291,1310.755889416003,0.010535218
1292,1311.0352506640047,0.010537425
1293,1311.3194398880005,0.010540987
1294,1311.602968693005,0.010544969
1295,1311.8835816389983,0.010547874
1296,1312.1637134560006,0.010549437
1297,1312.443342686005,0.010550471
1298,1312.723656178001,0.010551241
1299,1313.0046701440006,0.01055077
1300,1313.2846255309996,0.010548692
1301,1313.5659761429997,0.010545026
1302,1313.8471999169997,0.010540788
1303,1314.127881526998,0.010537166
1304,1314.4097123149986,0.010534718
1305,1314.6909327510002,0.010534182
1306,1314.9731206900033,0.010533503
1307,1315.253897667004,0.010530898
1308,1315.5350337030031,0.010527072
1309,1315.8151717190049,0.010523588
1310,1316.0946350099985,0.010522473
1311,1316.3761119850024,0.010522986
1312,1316.6563568120037,0.010522815
1313,1316.9396166810038,0.010522708
1314,1317.2187328340005,0.010524336
1315,1317.498706817998,0.01052651
1316,1317.779481411002,0.01052695
1317,1318.0573015219998,0.010524679
1318,1318.3387393960002,0.01052051
1319,1318.6193017960031,0.010515453
1320,1398.7069702150038,0.01050795
1321,1398.9887204170009,0.010496099
1322,1399.2717208870017,0.010481465
1323,1399.5537223819993,0.010467332
1324,1399.837721347998,0.01045582
1325,1400.1177225120045,0.010446434
1326,1400.3992266659989,0.010438923
1327,1400.681303025005,0.010434245
1328,1400.963027001002,0.010432287
1329,1401.247121335,0.010432742
1330,1401.529236317001,0.01043428
1331,1401.8114404680018,0.010436171
1332,1402.0921483040001,0.01043893
1333,1402.374079705005,0.010440993
1334,1402.6554603580007,0.010441597
1335,1402.9362325670008,0.010442858
1336,1403.2182807930003,0.010444722
1337,1403.4993062020003,0.010445325
1338,1403.7810196880018,0.01044503
1339,1404.062822341999,0.010444042
1340,1404.3442749980022,0.010441229
1341,1404.6231532099991,0.010437485
1342,1404.904212475005,0.010433683
1343,1405.1854920390033,0.010429543
1344,1405.4665985110041,0.010426403
1345,1405.748161315998,0.010425075
1346,1406.0282921800026,0.010424458
1347,1406.311570168,0.010423713
1348,1406.5967025760037,0.010424762
1349,1406.8811039930006,0.010429931
1350,1407.165525436998,0.010437021
1351,1407.4477257730032,0.010441826
1352,1407.7300753599993,0.010442708
1353,1408.010731221002,0.010441356
1354,1408.2925395970015,0.0104407
1355,1408.5734648709986,0.010441602
1356,1408.854723454002,0.010442098
1357,1409.1333708770035,0.01044146
1358,1409.4155464180003,0.010440763
1359,1409.697572709003,0.010441114
1360,1409.9796400070045,0.010442918
1361,1410.259969235005,0.010443979
1362,1410.5412549980028,0.010443447
1363,1410.822302819004,0.010442188
1364,1411.104362488004,0.010440112
1365,1411.3856215480046,0.010439343
1366,1411.6659607890033,0.010440843
1367,1411.945345402004,0.010440484
1368,1412.2293457990017,0.010437412
1369,1412.5118780140037,0.010434345
1370,1412.7935051919994,0.01043143
1371,1413.0743174560048,0.010428893
1372,1413.3550744060049,0.010427941
1373,1413.6352539069994,0.010428704
1374,1413.9170475010033,0.010429064
1375,1414.1983652120034,0.010427451
1376,1414.4789152150042,0.01042473
1377,1414.7608504300006,0.010421765
1378,1415.042369366005,0.010419247
1379,1415.3233771330051,0.010418028
1380,1415.6033840180025,0.010418206
1381,1415.8844566350017,0.010418399
1382,1416.1662507060028,0.010417144
1383,1416.4490723609997,0.01041557
1384,1416.7294716840042,0.010415075
1385,1417.0092067720034,0.010414842
1386,1417.2892131810004,0.010414284
1387,1417.5725226409995,0.010414577
1388,1417.8540778160022,0.010416329
1389,1418.1358470920022,0.010417689
1390,1418.4177160270046,0.010418
1391,1418.6992535600002,0.010417959
1392,1418.9808864599981,0.010416342
1393,1419.260685920999,0.010412855
1394,1419.5430107120046,0.010409681
1395,1419.8248934750009,0.010408873
1396,1420.1082062729984,0.010409867
1397,1420.3906784060018,0.010409939
1398,1420.6738562590035,0.010407929
1399,1420.9532532700032,0.010405254
1400,1421.235027791001,0.010403751
1401,1421.5156769759997,0.010403947
1402,1421.794906617004,0.010405799
1403,1422.0759592059985,0.010408392
1404,1422.3586168289985,0.010409398
1405,1422.639685631002,0.010408152
1406,1422.9200081829986,0.010405859
1407,1423.200352192005,0.010403947
1408,1423.4807505610006,0.010403305
1409,1423.7625298499988,0.010403452
1410,1424.0420207979987,0.010403183
1411,1424.3216023450004,0.01040319
1412,1424.6021986010019,0.010404534
1413,1424.8831272130046,0.010406139
1414,1425.1625976569994,0.010407037
1415,1425.4414997109998,0.010407158
1416,1425.722628594005,0.010407378
1417,1426.0025014880011,0.010409578
1418,1426.2837305069988,0.010414067
1419,1426.5645251280002,0.010418905
1420,1426.8444590569998,0.010422444
1421,1427.1258749970002,0.010424528
1422,1427.4061799050032,0.010426112
1423,1427.6865887649983,0.010427313
1424,1427.969340802003,0.010427537
1425,1428.2503356939997,0.010427709
1426,1428.5303955080017,0.010427798
1427,1428.8111767770024,0.010426566
1428,1429.0925002100048,0.010423798
1429,1429.3730211260045,0.01042073
1430,1509.7893662460046,0.010416452
1431,1510.0700941090035,0.010406341
1432,1510.350504875998,0.010391427
1433,1510.630033016998,0.010377264
1434,1510.911167145001,0.010365888
1435,1511.19252348,0.010357835
1436,1511.4733777049987,0.010351822
1437,1511.7549772269995,0.010345955
1438,1512.0372772219998,0.010340473
1439,1512.317925454001,0.010335899
1440,1512.6010422710024,0.010331273
1441,1512.8820791250037,0.010325785
1442,1513.163273334998,0.010320982
1443,1513.4441781050045,0.01031847
1444,1513.7266297349997,0.010317817
1445,1514.0059413909985,0.010318806
1446,1514.2878031740038,0.010321018
1447,1514.5694112780038,0.010321659
1448,1514.8496427540013,0.010320122
1449,1515.130567074004,0.010318064
1450,1515.412867070001,0.010315001
1451,1515.6942815790026,0.010311463
1452,1515.9733371740003,0.010311204
1453,1516.2546901710011,0.010315037
1454,1516.5346970559985,0.01031933
1455,1516.816573142998,0.010323318
1456,1517.097583294002,0.010327743
1457,1517.3787775040037,0.010331332
1458,1517.658257007999,0.010333151
1459,1517.9400625230046,0.010332475
1460,1518.2215027810016,0.010329636
1461,1518.5012516979987,0.010326624
1462,1518.7805924420027,0.010323347
1463,1519.0606732369997,0.010318716
1464,1519.3416070940002,0.010314077
1465,1519.6210808760006,0.010311303
1466,1519.9011445049982,0.010310608
1467,1520.1820974350048,0.010311287
1468,1520.4633088120027,0.01031313
1469,1520.7443199160043,0.010315467
1470,1521.029232026005,0.01031795
1471,1521.3116755490046,0.010320561
1472,1521.5937528610011,0.010322512
1473,1521.8740859040045,0.01032431
1474,1522.154625893003,0.010325813
1475,1522.4359197619997,0.010326561
1476,1522.7155532840043,0.010327381
1477,1522.9954128270037,0.010327692
1478,1523.2760596279986,0.010328157
1479,1523.5561056139995,0.010330428
1480,1523.837368489003,0.010333969
1481,1524.118587017998,0.010337932
1482,1524.3983941080005,0.010341107
1483,1524.6811661719985,0.010341719
1484,1524.9589743620018,0.010339493
1485,1525.2405881890008,0.010335405
1486,1525.5205163959981,0.010328972
1487,1525.8003716470048,0.010321557
1488,1526.0787940029986,0.010317267
1489,1526.358869552998,0.010315922
1490,1526.6371755600048,0.010315903
1491,1526.9169006349985,0.010316797
1492,1527.2000761040035,0.010317805
1493,1527.4844226839996,0.010319727
1494,1527.766948700002,0.010321745
1495,1528.0471262940046,0.010322142
1496,1528.3303174980028,0.0103207
1497,1528.6107664110023,0.010317087
1498,1528.8921780590026,0.010312579
1499,1529.1705722810002,0.010309038
1500,1529.4517002110006,0.010306099
1501,1529.7337622650011,0.010302362
1502,1530.015748978003,0.010299005
1503,1530.2946825030012,0.010299234
1504,1530.575852394999,0.010302542
1505,1530.8564929970016,0.010305806
1506,1531.1379203800025,0.010309259
1507,1531.417675495999,0.010314575
1508,1531.6980199820027,0.01031774
1509,1531.9771413810013,0.010316436
1510,1532.2579646119993,0.010314543
1511,1532.5397086150042,0.010312354
1512,1532.8215885169993,0.010308736
1513,1533.1042933470017,0.010305828
1514,1533.3861503610024,0.010305535
1515,1533.6669673920042,0.010308555
1516,1533.9477801329995,0.010313178
1517,1534.229015351004,0.01031678
1518,1534.5097265250006,0.010319078
1519,1534.791070938998,0.010320359
1520,1535.0733408930028,0.010320694
1521,1535.3541374210035,0.010320184
1522,1535.6340475090037,0.010318713
1523,1535.9152927399991,0.010316868
1524,1536.1959733969998,0.01031478
1525,1536.4777975090037,0.010312498
1526,1536.7594504360022,0.010311582
1527,1537.040229320999,0.010313489
1528,1537.322163582001,0.010317011
1529,1537.6051278119994,0.010319915
1530,1537.8859148030024,0.010321065
1531,1538.1659703260011,0.010319707
1532,1538.4472880370013,0.010316205
1533,1538.727174282998,0.01031165
1534,1539.008297444001,0.010307076
1535,1539.2889719009981,0.010304148
1536,1539.5702385910045,0.010302883
1537,1539.8524408349986,0.010302813
1538,1540.134553433003,0.010304987
1539,1540.4164848330038,0.010308759
1540,1621.463470458999,0.010309064
1541,1621.7437362679993,0.010301102
1542,1622.023893357,0.010287213
1543,1622.3054728510033,0.010272059
1544,1622.5839557650033,0.010257714
1545,1622.8636908539993,0.01024564
1546,1623.143936158005,0.01023544
1547,1623.4248986250022,0.010226014
1548,1623.7056021700046,0.010218234
1549,1623.9874610910047,0.010213351
1550,1624.2666668899983,0.010211412
1551,1624.5497407920047,0.010210266
1552,1624.8320550920034,0.010208778
1553,1625.1135005960023,0.010208408
1554,1625.3935256010009,0.01020986
1555,1625.6754417420016,0.0102133
1556,1625.956027031003,0.010217865
1557,1626.239151478003,0.0102213
1558,1626.518513203002,0.010221545
1559,1626.798191548005,0.010218562
1560,1627.080729485002,0.010214283
1561,1627.3630948069986,0.010209342
1562,1627.642775059001,0.01020346
1563,1627.9242138870031,0.010197645
1564,1628.2038640980027,0.010192393
1565,1628.483839035005,0.010188142
1566,1628.7635312089988,0.010186763
1567,1629.044951916003,0.010188186
1568,1629.326565743002,0.010190994
1569,1629.6071333889995,0.010194297
1570,1629.8889756210046,0.010195792
1571,1630.1708483699986,0.010194542
1572,1630.4509162910035,0.010193786
1573,1630.7304830560024,0.010195407
1574,1631.0124077799992,0.010198054
1575,1631.2942090040015,0.010201329
1576,1631.5751476290025,0.01020554
1577,1631.8544569020014,0.010210335
1578,1632.133074284,0.010214201
1579,1632.4113893510003,0.010216612
1580,1632.6913223270021,0.01021903
1581,1632.971426011005,0.010221351
1582,1633.2518253329981,0.010221648
1583,1633.5306267740016,0.010219653
1584,1633.811469555003,0.010216527
1585,1634.091963292005,0.010211935
1586,1634.373265744005,0.010206319
1587,1634.654794217,0.010202893
1588,1634.9348025330037,0.010202824
1589,1635.2158169750037,0.010204486
1590,1635.4973111159998,0.010208203
1591,1635.7788906100031,0.010215111
1592,1638.397714138002,0.010222547
1593,1638.680672169001,0.010227188
1594,1638.962087632004,0.010228732
1595,1639.2431492809992,0.010228034
1596,1639.5228338250017,0.010227563
1597,1639.801885605004,0.010229628
1598,1640.0835480690002,0.010233638
1599,1640.365154267005,0.010238212
1600,1640.6461319930022,0.010242031
1601,1640.9253125200048,0.010244009
1602,1641.2084889420003,0.010244101
1603,1641.4885520940006,0.010242254
1604,1641.7690820700009,0.010237916
1605,1642.0503292089998,0.010232075
1606,1642.3309907920047,0.010227032
1607,1642.6125493049985,0.010224597
1608,1642.8930802350005,0.010225227
1609,1643.1740632060028,0.010227049
1610,1643.4567036630033,0.01022788
1611,1643.7361950880004,0.010227809
1612,1644.0157923700026,0.010228461
1613,1644.2956042290025,0.010229467
1614,1644.574326515998,0.010228825
1615,1644.8556046490048,0.010225903
1616,1645.1370868689992,0.010221047
1617,1645.4174318320001,0.010215774
1618,1645.6953630450007,0.010211698
1619,1645.9748826030045,0.010209032
1620,1646.2560310370027,0.010206906
1621,1646.535497666002,0.010205495
1622,1646.8164687160024,0.010205692
1623,1647.0946621900002,0.010207267
1624,1647.3750286110007,0.010208765
1625,1647.6581401830044,0.010208695
1626,1647.940623761002,0.010207675
1627,1648.2266302110002,0.010206632
1628,1648.5116267210033,0.010205558
1629,1648.7972154620002,0.010203115
1630,1649.0819916730034,0.010198132
1631,1649.3680286410017,0.01019399
1632,1649.6525831230028,0.010194392
1633,1649.9361414910018,0.010198162
1634,1650.2163252840037,0.010202975
1635,1650.4968805320023,0.01020717
1636,1650.7770586020051,0.010208769
1637,1651.0589580540036,0.010207234
1638,1651.339344979002,0.010205153
1639,1651.6205887800024,0.010205349
1640,1651.9011540420033,0.010206834
1641,1652.181143284004,0.010207596
1642,1652.4608173380038,0.010207761
1643,1652.7414970399986,0.010207377
1644,1653.0213274960042,0.010206376
1645,1653.301804543,0.010205934
1646,1653.5828256610039,0.01020636
1647,1653.8624415400045,0.010208154
1648,1654.1431708340024,0.010212304
1649,1654.423924447001,0.010217654
1650,1734.7039098739988,0.010218808
1651,1734.993099213003,0.010208727
1652,1735.2770824440013,0.010188578
1653,1735.5580968860013,0.010165778
1654,1735.8394880300038,0.010145484
1655,1736.1210103039994,0.010130375
1656,1736.4018011100052,0.010120778
1657,1736.6842842109982,0.010114783
1658,1736.964568139003,0.010111667
1659,1737.2447500230046,0.010111184
1660,1737.5255212789998,0.010111436
1661,1737.805778504,0.010110596
1662,1738.0862326630013,0.010108501
1663,1738.3676166540026,0.010106559
1664,1738.648948193004,0.010105031
1665,1738.9274172790028,0.010104045
1666,1739.2079701430048,0.01010398
1667,1739.4890666010033,0.010103724
1668,1739.7686405190034,0.01010303
1669,1740.0479154589993,0.010102694
1670,1740.3274846080021,0.010103215
1671,1740.6064457899993,0.010104208
1672,1740.885612488004,0.010104496
1673,1741.1642990120017,0.010103749
1674,1741.444320679002,0.010102108
1675,1741.726264953999,0.01009966
1676,1742.0050683029986,0.010097222
1677,1742.2878646860045,0.010095044
1678,1742.5710129740037,0.010091654
1679,1742.8522148140037,0.010088099
1680,1743.1323218350008,0.010087113
1681,1743.413518428999,0.01008721
1682,1743.6931219110047,0.01008701
1683,1743.9735946660003,0.010087527
1684,1744.2519660000034,0.010089062
1685,1744.5327863700004,0.010091347
1686,1744.8125405320025,0.010094006
1687,1745.0921244630008,0.010097401
1688,1745.3729090699999,0.010100689
1689,1745.6517438890005,0.010102936
1690,1745.9323468209986,0.010104679
1691,1746.2129969599991,0.010105351
1692,1746.4929180149993,0.010104838
1693,1746.7731862069995,0.010104382
1694,1747.0526075369999,0.010104355
1695,1747.3317236900039,0.010104245
1696,1747.6126933100022,0.010103078
1697,1747.8948307040046,0.010100556
1698,1748.1757960320028,0.010097547
1699,1748.4561753279995,0.010095423
1700,1748.737093926,0.01009471
1701,1749.0174231530036,0.01009456
1702,1749.2987241750016,0.010094548
1703,1749.5784368520035,0.010094342
1704,1749.8591604239991,0.010094293
1705,1750.1399178510037,0.010095169
1706,1750.4222927099981,0.010096954
1707,1750.701992512004,0.01009864
1708,1750.9808592800036,0.010098418
1709,1751.261666298,0.010096609
1710,1751.541753769001,0.010095038
1711,1751.826805591998,0.010093942
1712,1752.109277249001,0.010093374
1713,1752.3911104209983,0.010094295
1714,1752.674029351001,0.010096501
1715,1752.9540572170008,0.010098828
1716,1753.234534741001,0.010101309
1717,1753.5157861710031,0.010104083
1718,1753.7953610420009,0.010105363
1719,1754.0747594839995,0.010104341
1720,1754.3552989960008,0.010102799
1721,1754.6362643250031,0.010102508
1722,1754.9168934830013,0.010103614
1723,1755.1973299980018,0.010103713
1724,1755.476971627002,0.01010166
1725,1755.7576770790038,0.010099159
1726,1756.0365123750016,0.010095975
1727,1756.3188848499994,0.010091568
1728,1756.5998511319995,0.010088575
1729,1756.8808088310034,0.010088338
1730,1757.1611080170042,0.010089373
1731,1757.4421157840043,0.010092058
1732,1757.7242159849993,0.010096037
1733,1758.0056042680008,0.01009758
1734,1758.2855615619992,0.01009618
1735,1758.5785651210026,0.010095417
1736,1758.8671827319995,0.010096192
1737,1759.1509523400018,0.010095953
1738,1759.436328888005,0.010093852
1739,1759.717740535998,0.010091954
1740,1759.9994335180018,0.010091579
1741,1760.2796139720012,0.010092187
1742,1760.561484814003,0.010094152
1743,1760.8422093400004,0.010096895
1744,1761.123415947004,0.010097969
1745,1761.4038391120048,0.010098511
1746,1761.6853837970048,0.010100408
1747,1761.9664664270022,0.010101828
1748,1762.2475242619985,0.010101656
1749,1762.5290007600051,0.010100896
1750,1762.8104062089988,0.010100117
1751,1763.0900149349982,0.010099342
1752,1763.3732523920044,0.010099048
1753,1763.6552767760004,0.010099372
1754,1763.9357428560033,0.010099423
1755,1764.2167458539989,0.010098123
1756,1764.4973964700039,0.010096031
1757,1764.7783508310022,0.010095243
1758,1765.0592675209991,0.010096759
1759,1765.3399009710047,0.010099001
1760,1845.7024312020003,0.010099815
1761,1845.983705521001,0.010098552
1762,1846.2645335199995,0.010095366
1763,1846.5453925140027,0.010091152
1764,1846.8261199000044,0.01008684
1765,1847.105171203999,0.010082506
1766,1847.3851962090048,0.010079003
1767,1847.666784287001,0.010076464
1768,1847.9464840889996,0.010073898
1769,1848.227059842,0.010070749
1770,1848.5071849829983,0.010067005
1771,1848.7881731989983,0.010063564
1772,1849.0667295460007,0.010061176
1773,1849.3468179710035,0.010060804
1774,1849.6278405190023,0.010061502
1775,1849.9077124600008,0.010060585
1776,1850.1899585729989,0.010059759
1777,1850.471043110003,0.010060062
1778,1850.751286507002,0.010058128
1779,1851.032328606001,0.010053434
1780,1851.3115196229992,0.010049491
1781,1851.5915908820025,0.01004854
1782,1851.8745069510042,0.01004949
1783,1852.1561717990044,0.010051346
1784,1852.4361786849986,0.010054568
1785,1852.7150440219993,0.01005823
1786,1852.997589589002,0.010060951
1787,1853.2799696930015,0.010063093
1788,1853.5609846119987,0.010065091
1789,1853.8433294300048,0.010068031
1790,1854.1238198280043,0.010070334
1791,1854.4029049880046,0.010069278
1792,1854.6839618689992,0.010065784
1793,1854.9639158249993,0.010060814
1794,1855.2443671229994,0.010055646
1795,1855.525992394003,0.010051595
1796,1855.8069067010001,0.010048198
1797,1856.086796761003,0.01004541
1798,1856.3682518010028,0.010044153
1799,1856.6480875019988,0.0100437
1800,1856.9285383230017,0.010043405
1801,1857.2079029090019,0.010042449
1802,1857.4878177650025,0.010039184
1803,1857.768437386003,0.010035029
1804,1858.0475215920014,0.010031865
1805,1858.3265714650042,0.010029334
1806,1858.6061358459992,0.010027285
1807,1858.8857541090038,0.010025976
1808,1859.1672291760042,0.010025339
1809,1859.4474053390004,0.010025255
1810,1859.7286043170025,0.010025587
1811,1860.009486199,0.010026727
1812,1860.2889099130043,0.010028456
1813,1860.5692319869995,0.010029768
1814,1860.8485217100024,0.010029925
1815,1861.1298131950025,0.010028859
1816,1861.4102129940002,0.010027403
1817,1861.691487789998,0.01002649
1818,1861.972459317003,0.010026357
1819,1862.2537646300043,0.010027212
1820,1862.5355768209993,0.010029508
1821,1862.8176436430003,0.010032571
1822,1863.0998039250044,0.010035359
1823,1863.3805212980005,0.010036289
1824,1863.6617069249987,0.010034174
1825,1863.9422965050035,0.01003075
1826,1864.2227530480013,0.01002745
1827,1864.5051298149992,0.010024145
1828,1864.7870979310028,0.010021902
1829,1865.0670223240013,0.010021575
1830,1865.3465065960045,0.010022403
1831,1865.6271400460028,0.010024492
1832,1865.9088339810041,0.010027708
1833,1866.1883020410023,0.010029416
1834,1866.468960762002,0.010029032
1835,1866.749976635001,0.010028337
1836,1867.0306143769994,0.010028507
1837,1867.3105225570034,0.010029079
1838,1867.5905966760038,0.010028261
1839,1867.873891354,0.010026975
1840,1868.156972886005,0.010027133
1841,1868.439346791005,0.010028489
1842,1868.7213063240051,0.010031441
1843,1869.0013241769993,0.010035035
1844,1869.2823081020033,0.010037002
1845,1869.5620617870009,0.010037768
1846,1869.8431057929993,0.010037323
1847,1870.1236886980041,0.010034668
1848,1870.4050850870044,0.010030775
1849,1870.684161187004,0.010028428
1850,1870.9647212030031,0.010028548
1851,1871.2439813620003,0.010029597
1852,1871.5235896119993,0.010031598
1853,1871.8040118220015,0.010033665
1854,1872.0868954660036,0.0100329
1855,1872.368433953001,0.010030184
1856,1872.649061203003,0.010028133
1857,1872.9285945900046,0.010027001
1858,1873.2111420639994,0.01002604
1859,1873.490084172001,0.010024555
1860,1873.7698225979984,0.010023971
1861,1874.0511631970003,0.010025865
1862,1874.3302907949983,0.010028747
1863,1874.6121721270029,0.010031457
1864,1874.892736435002,0.010033734
1865,1875.1745886810022,0.010035297
1866,1875.454982758005,0.010037029
1867,1875.735695839001,0.010039551
1868,1876.0174422269993,0.010043158
1869,1876.3024401670045,0.010047112
1870,1956.2691369060049,0.010047873
1871,1956.5487918860017,0.010043122
1872,1956.8308048250037,0.010034489
1873,1957.1124591830012,0.010024841
1874,1957.3913455010043,0.01001608
1875,1957.6729278569983,0.010009028
1876,1957.9534893040036,0.010005135
1877,1958.234182357999,0.010004589
1878,1958.515633107003,0.010004689
1879,1958.797632695001,0.010004341
1880,1959.0807456969997,0.010004041
1881,1959.3624095920022,0.010002721
1882,1959.6443128590035,0.010000886
1883,1959.925248147003,0.010000586
1884,1960.2071595200032,0.010001875
1885,1960.487964631,0.010003386
1886,1960.7671260839998,0.010003886
1887,1961.0468163490004,0.010003261
1888,1961.3264503480023,0.010002817
1889,1961.6092519759986,0.010002864
1890,1961.889819146003,0.010002737
1891,1962.1694703110043,0.010003079
1892,1962.4493227010025,0.010003864
1893,1962.7296485910047,0.010003488
1894,1963.0113749509983,0.010001535
1895,1963.2913866050003,0.009998758
1896,1963.5716691019989,0.009995641
1897,1963.851617813998,0.009993138
1898,1964.133344173999,0.009991537
1899,1964.4137392050034,0.009989614
1900,1964.696016312002,0.009987604
1901,1964.976445674998,0.009986695
1902,1965.2554302220015,0.009986421
1903,1965.5354037290017,0.009986877
1904,1965.8160662660011,0.009988681
1905,1966.0963845260048,0.009990769
1906,1966.375730038002,0.00999233
1907,1966.6552381520014,0.009992691
1908,1966.934457303003,0.00999107
1909,1967.2133221629992,0.009988934
1910,1967.4921026230004,0.009988404
1911,1967.7746005060035,0.009988897
1912,1968.0544929509997,0.009988144
1913,1968.3344779020044,0.009986117
1914,1968.6156148919981,0.009984546
1915,1968.8971614840048,0.009983779
1916,1969.1784529690049,0.00998272
1917,1969.4589777,0.009980604
1918,1969.740294934003,0.009978257
1919,1970.0224537850008,0.009977082
1920,1970.3040876390005,0.009976988
1921,1970.5846858029981,0.009976089
1922,1970.8678426750048,0.009972786
1923,1971.1481299400039,0.009967664
1924,1971.4273056989987,0.009963594
1925,1971.7082076080042,0.009963407
1926,1971.990577221004,0.00996604
1927,1972.2719855309988,0.00996948
1928,1972.552931309001,0.009974197
1929,1972.8342943200041,0.009979389
1930,1973.1151413920015,0.009982036
1931,1973.3952384000004,0.009981502
1932,1973.6751623160017,0.00998012
1933,1973.9593486790036,0.009978395
1934,1974.2392897610043,0.009975706
1935,1974.519266606003,0.009973016
1936,1974.799127102,0.009971376
1937,1975.080651283999,0.009971802
1938,1975.3623447420032,0.009974266
1939,1975.6417236330017,0.009976323
1940,1975.9217214590026,0.009976038
1941,1976.2038240440015,0.009974569
1942,1976.4846053130022,0.009975116
1943,1976.7659978869997,0.009978614
1944,1977.055679322002,0.009982952
1945,1977.3395814899995,0.00998696
1946,1977.6201467520004,0.009990573
1947,1977.901394845001,0.009992566
1948,1978.1833548549985,0.009992285
1949,1978.465110779005,0.009990174
1950,1978.7448472980032,0.009986708
1951,1979.0258164410043,0.009983142
1952,1979.305971146001,0.009980161
1953,1979.586434842,0.009977846
1954,1979.8670544630004,0.009977105
1955,1980.148270607002,0.009977433
1956,1980.430190087005,0.009977456
1957,1980.7110691080015,0.009977036
1958,1980.9936070449985,0.009976371
1959,1981.2755055430025,0.009975882
1960,1981.5567998890037,0.009975785
1961,1981.8368029600024,0.00997537
1962,1982.1178188330014,0.009975169
1963,1982.3987507819984,0.009975896
1964,1982.680392743001,0.009975637
1965,1982.9604454049986,0.009972302
1966,1983.241156101998,0.009967643
1967,1983.5239629749994,0.009964708
1968,1983.8047223100002,0.009963275
1969,1984.0847201350043,0.009961457
1970,1984.3669304850046,0.00995898
1971,1984.6470441819984,0.009957826
1972,1984.927950383004,0.009959583
1973,1985.2102565770037,0.009962323
1974,1985.4909186369987,0.009963385
1975,1985.770944595999,0.009962742
1976,1986.0534963610044,0.009961706
1977,1986.3346061710035,0.009961684
1978,1986.6152381900029,0.009963024
1979,1986.8950481420034,0.009964087
1980,2067.2108345040033,0.009963998
1981,2067.49355793,0.009961971
1982,2067.7742757800006,0.009957003
1983,2068.0547928810047,0.009951126
1984,2068.3359341629985,0.009946184
1985,2068.6177334790045,0.009942337
1986,2068.8996505739997,0.009940162
1987,2069.1810092930027,0.009939367
1988,2069.4616513260044,0.009939641
1989,2069.7427392009995,0.00994154
1990,2070.027798176001,0.009943516
1991,2070.313442231003,0.009942658
1992,2070.6005258560035,0.009939151
1993,2070.8831644060047,0.009935594
1994,2071.1648650170027,0.009933657
1995,2071.4455871590035,0.009933863
1996,2071.7262310990045,0.009934515
1997,2072.0077304840015,0.009932993
1998,2072.2883124360014,0.009931675
1999,2072.569001198004,0.009934184
2000,2072.8500881200016,0.009939358
2001,2073.131490231004,0.009945233
2002,2073.411248684002,0.009948687
2003,2073.6910195360033,0.0099474
2004,2073.9711937910033,0.00994393
2005,2074.251562119003,0.009941122
2006,2074.532262326,0.009938885
2007,2074.8149232869982,0.009935768
2008,2075.097035407998,0.009932189
2009,2075.379243850999,0.009929175
2010,2075.6603169450027,0.009926269
2011,2075.941092015004,0.009922923
2012,2076.2231364250038,0.009920065
2013,2076.503760338004,0.009918552
2014,2076.784455300003,0.00991835
2015,2077.065469742003,0.009920425
2016,2077.3450412750026,0.00992494
2017,2077.6284565930036,0.009929712
2018,2077.9101290710023,0.009932985
2019,2078.190483571001,0.009935439
2020,2078.4723625190018,0.009937397
2021,2078.7543406490004,0.009938493
2022,2079.034888745002,0.009938971
2023,2079.315983772998,0.009938259
2024,2079.597325802002,0.009935709
2025,2079.8784980780038,0.00993142
2026,2080.1625990870016,0.00992663
2027,2080.4443216330037,0.009922298
2028,2080.7246999749987,0.009919018
2029,2081.0060210230004,0.009917724
2030,2081.287013054003,0.009917643
2031,2081.567423821005,0.009917787
2032,2081.8494310380047,0.009918793
2033,2082.1266107560004,0.009920203
2034,2082.4043254860007,0.00992102
2035,2082.6855850220018,0.009921543
2036,2082.966376305005,0.009921307
2037,2083.2492403990036,0.009919784
2038,2083.530385017999,0.009916699
2039,2083.8111619949996,0.009913181
2040,2084.091853619,0.0099117
2041,2084.372148514005,0.009912178
2042,2084.651122094001,0.009912714
2043,2084.9300832750014,0.009913008
2044,2085.2082400330037,0.00991365
2045,2085.487998962999,0.009914354
2046,2085.76782465,0.00991435
2047,2086.0477252010023,0.009913542
2048,2086.3272829060006,0.009912603
2049,2086.606417656003,0.009911465
2050,2086.8867425920034,0.009909243
2051,2087.166931630003,0.009906013
2052,2087.446871281005,0.009902835
2053,2087.727383137004,0.009900032
2054,2088.0083570479983,0.009897713
2055,2088.2877602580047,0.009896505
2056,2088.569630623002,0.009896558
2057,2088.850514411999,0.00989842
2058,2089.132110119004,0.009902514
2059,2089.412129879005,0.009907507
2060,2089.6945958139986,0.009912252
2061,2089.9749183660024,0.009916517
2062,2090.256229878003,0.009920163
2063,2090.536335468998,0.009922381
2064,2090.819293499,0.009922603
2065,2091.0989198690004,0.009922053
2066,2091.3789467820025,0.009921149
2067,2091.658788681001,0.009919325
2068,2091.9404473309987,0.009916583
2069,2092.222598076005,0.009912287
2070,2092.503458500003,0.009906976
2071,2092.784226418,0.009902904
2072,2093.065017701003,0.009901037
2073,2093.346327305,0.009900395
2074,2093.626282215999,0.00990078
2075,2093.9074873930003,0.009901976
2076,2094.187640666998,0.009902553
2077,2094.4683527950037,0.009901937
2078,2094.7487607010044,0.0099009
2079,2095.0313963890003,0.009901157
2080,2095.311182023004,0.009901661
2081,2095.5924754150037,0.009901151
2082,2095.873383999002,0.009902223
2083,2096.1553177840033,0.009905603
2084,2096.4353132250035,0.009909282
2085,2096.7158751489987,0.009912121
2086,2096.9947237970046,0.009913827
2087,2097.273800850002,0.009914623
2088,2097.552843094003,0.009915262
2089,2097.833791732999,0.009916554
2090,2178.2965173730045,0.00991771
2091,2178.577381134004,0.009917857
2092,2178.859546184998,0.009917469
2093,2179.141739368999,0.009916529
2094,2179.423275948,0.009915459
2095,2179.7044243819983,0.009914405
2096,2179.986420631998,0.00991192
2097,2180.265876770005,0.009907786
2098,2180.5473427780016,0.009904434
2099,2180.827960968003,0.009902068
2100,2181.107793332005,0.009897901
2101,2181.3903374680012,0.009891861
2102,2181.6716427810024,0.009886373
2103,2181.957364560003,0.009882969
2104,2182.238469601005,0.009881365
2105,2182.519802571005,0.009879969
2106,2182.801045895001,0.009878057
2107,2183.081582546998,0.009876713
2108,2183.3612422950027,0.009876621
2109,2183.643334389002,0.009876672
2110,2183.925243855003,0.009876331
2111,2184.2082457549986,0.009877408
2112,2184.4869360930024,0.009880725
2113,2184.768258572003,0.009884889
2114,2185.0485382080005,0.009887727
2115,2185.329245091001,0.009888736
2116,2185.6129870420045,0.009890185
2117,2185.893473149001,0.00989243
2118,2186.176887036003,0.009892644
2119,2186.459414006,0.009889654
2120,2186.7399330140033,0.009886664
2121,2187.0219922070028,0.00988646
2122,2187.304219245998,0.00988787
2123,2187.5847754479983,0.009888586
2124,2187.8639860160038,0.009887534
2125,2188.144596099999,0.009884957
2126,2188.4258317950007,0.009882536
2127,2188.705770970002,0.009882248
2128,2188.987965584005,0.009884246
2129,2189.2684645660047,0.009887302
2130,2189.5503549580026,0.009888669
2131,2189.833648205,0.009887565
2132,2190.113301754005,0.009886952
2133,2190.395554543,0.009886746
2134,2190.6805601119995,0.009884771
2135,2190.9636268620015,0.009881385
2136,2191.2487511639993,0.009877715
2137,2191.5311117180026,0.009874155
2138,2191.814085484002,0.009871102
2139,2192.097214221998,0.009869504
2140,2192.378579617005,0.009869321
2141,2192.660536766998,0.009868988
2142,2192.941709042003,0.00986722
2143,2193.223914146998,0.009864849
2144,2193.504747867999,0.009864095
2145,2193.7837409979984,0.009865211
2146,2194.064100743002,0.009866989
2147,2194.343950749004,0.009868697
2148,2194.624734402001,0.009869204
2149,2194.9070801740017,0.009869063
2150,2195.186911583005,0.009869333
2151,2195.4683623320016,0.009869276
2152,2195.749038697002,0.009869452
2153,2196.0299625400003,0.009870641
2154,2196.311705113003,0.009871815
2155,2196.5941429140003,0.009872953
2156,2196.8749399189983,0.009874836
2157,2197.1541018490025,0.009876497
2158,2197.434506894002,0.009877936
2159,2197.715244771003,0.009880439
2160,2197.9973368650026,0.009883737
2161,2198.2799601560037,0.009886652
2162,2198.561261654002,0.009889244
2163,2198.843585014998,0.009892538
2164,2199.125418663003,0.009895826
2165,2199.406308174999,0.009896948
2166,2199.6874361040027,0.00989548
2167,2199.9682826999997,0.009893911
2168,2200.248747826001,0.00989354
2169,2200.530442715004,0.009892891
2170,2200.812622548001,0.009892705
2171,2201.094022751,0.009894736
2172,2201.373557568004,0.009898069
2173,2201.653728009005,0.009901775
2174,2201.9343724260034,0.00990481
2175,2202.2157688150037,0.009907056
2176,2202.4952874189985,0.009908948
2177,2202.775922298999,0.009908849
2178,2203.056319714,0.009906601
2179,2203.336332798004,0.009904603
2180,2203.618210793,0.009904909
2181,2203.9001665120013,0.009906675
2182,2204.1803274160047,0.009907696
2183,2204.461233615999,0.009907403
2184,2204.7416219720035,0.009906169
2185,2205.024171830002,0.009904419
2186,2205.306504250002,0.009903014
2187,2205.587318898004,0.009903061
2188,2205.869833470002,0.009904714
2189,2206.150410176,0.009906115
2190,2206.4303603180015,0.009906273
2191,2206.710650920999,0.009905567
2192,2206.9915490159983,0.009904644
2193,2207.2715635300046,0.009904704
2194,2207.5523905759983,0.009905536
2195,2207.8313980110033,0.009906355
2196,2208.113755227001,0.009907539
2197,2208.395738125,0.009909525
2198,2208.675452233001,0.009910984
2199,2208.9567508699984,0.009910442
2200,2289.290628433999,0.009908144
2201,2289.5699138650016,0.009904825
2202,2289.8515987400024,0.009900047
2203,2290.132539750004,0.00989408
2204,2290.412112236001,0.009889389
2205,2290.691685677004,0.009887282
2206,2290.972136975004,0.009886252
2207,2291.2512884140015,0.009885055
2208,2291.5315785409985,0.009884092
2209,2291.810543061001,0.009883164
2210,2292.091814518004,0.009882547
2211,2292.372388363001,0.009882464
2212,2292.652503967998,0.009881283
2213,2292.9329590800044,0.009878821
2214,2293.211736680001,0.009876943
2215,2293.4916648869985,0.009875676
2216,2293.7717494969984,0.009873581
2217,2294.0504183770026,0.009871172
2218,2294.3296475419993,0.009870363
2219,2294.609935761,0.009871327
2220,2294.892168522005,0.009872607
2221,2295.172313214003,0.009874443
2222,2295.4532842640037,0.009876968
2223,2295.7341308600007,0.009879099
2224,2296.014322281,0.009881018
2225,2296.2949152,0.009881751
2226,2296.5766038900038,0.009880002
2227,2296.8573217400044,0.009877022
2228,2297.135813714005,0.009873873
2229,2297.416500092004,0.009870847
2230,2297.697875500002,0.009868275
2231,2297.9779362679983,0.009866826
2232,2298.259198189,0.009866835
2233,2298.538850308003,0.00986698
2234,2298.820232392005,0.009868068
2235,2299.101317405999,0.009870989
2236,2299.3814678199997,0.009873158
2237,2299.663873673002,0.009873528
2238,2299.944022178999,0.009872912
2239,2300.2241187100008,0.009871269
2240,2300.5057706840016,0.009869275
2241,2300.786210061,0.009868359
2242,2301.064362050005,0.009867643
2243,2301.344871045003,0.009866083
2244,2301.6236257560013,0.009866257
2245,2301.903361798002,0.009869708
2246,2302.1845560080037,0.009874295
2247,2302.4623403549995,0.009878987
2248,2302.7411937720026,0.009883144
2249,2303.0201473240013,0.009885281
2250,2303.2995862969983,0.009886078
2251,2303.578025818002,0.009886
2252,2303.859263421,0.00988496
2253,2304.138951779001,0.009883155
2254,2304.420051098001,0.009880207
2255,2304.7021770479987,0.009877085
2256,2304.9813976290025,0.009875565
2257,2305.262952805002,0.009876318
2258,2305.5434732440044,0.009877378
2259,2305.825023174999,0.009877312
2260,2306.105007648999,0.009877141
2261,2306.384969712002,0.009876655
2262,2306.6681623460026,0.009874401
2263,2306.9491353039994,0.009871393
2264,2307.2313194279996,0.009870492
2265,2307.511699677001,0.009871331
2266,2307.7916250230046,0.009871329
2267,2308.073267937005,0.009869848
2268,2308.3516139990024,0.009867927
2269,2308.6304864890044,0.009866166
2270,2308.9108719830037,0.009864674
2271,2309.192056656,0.009864386
2272,2309.472856045002,0.009865137
2273,2309.7529845239987,0.009865718
2274,2310.033225060004,0.009866852
2275,2310.315042496004,0.009868281
2276,2310.5959281930045,0.009869046
2277,2310.8769555100007,0.009869626
2278,2311.158234597002,0.009869096
2279,2311.441386700004,0.009867844
2280,2311.7256236079993,0.009867562
2281,2312.009072781002,0.009868702
2282,2312.291367054,0.00987084
2283,2312.571270943001,0.009871429
2284,2312.852237225001,0.009869475
2285,2313.1348900800003,0.009867492
2286,2313.4163537030036,0.009867566
2287,2313.6975131040017,0.009869195
2288,2313.978778839999,0.009870541
2289,2314.260723113999,0.009870547
2290,2314.5414938930044,0.009868902
2291,2314.822321892003,0.009866446
2292,2315.1029186250016,0.009865084
2293,2315.3841104509993,0.009865065
2294,2315.662821293001,0.009865577
2295,2315.9420199400047,0.009866721
2296,2316.2223196030027,0.009867729
2297,2316.5040159230048,0.009868117
2298,2316.7843966490036,0.009868609
2299,2317.064330578003,0.009869596
2300,2317.346222401,0.009870758
2301,2317.6269731530047,0.009870988
2302,2317.907847405004,0.009870385
2303,2318.1869335180018,0.009869356
2304,2318.468680859005,0.009868028
2305,2318.752752305001,0.009866965
2306,2319.034978390002,0.009866593
2307,2319.3149785999994,0.009867533
2308,2319.595980168,0.009869137
2309,2319.875977993004,0.009870535
2310,2400.217567921005,0.009868801
2311,2400.4976162919993,0.009860311
2312,2400.7746877669997,0.009847719
2313,2401.0529332170045,0.009835184
2314,2401.3320703510035,0.00982337
2315,2401.612439633005,0.009812673
2316,2401.8913378720026,0.009804801
2317,2402.172128678001,0.009801214
2318,2402.4523830420003,0.009800698
2319,2402.7317876820016,0.009800615
2320,2403.012185574,0.009801407
2321,2403.292100907005,0.009804046
2322,2403.5724725730033,0.009806575
2323,2403.8523397450044,0.009807714
2324,2404.131797314003,0.009807811
2325,2404.4125342370025,0.009806744
2326,2404.695358277,0.009805151
2327,2404.976630211,0.009803906
2328,2405.2601366050003,0.00980259
2329,2405.541893006004,0.009801826
2330,2405.821029186998,0.009803123
2331,2406.102018357,0.00980561
2332,2406.3810310370027,0.009806719
2333,2406.657547474002,0.00980544
2334,2406.933685780001,0.009802344
2335,2407.211960793,0.009799068
2336,2407.4913563730006,0.009797007
2337,2407.771886825998,0.009796437
2338,2408.0502843860013,0.009797535
2339,2408.3306307800012,0.009799983
2340,2408.6091032030017,0.009802237
2341,2408.8895349509985,0.009801999
2342,2409.168996335,0.009799809
2343,2409.4506874090002,0.009797544
2344,2409.7288441659985,0.009794945
2345,2410.0074663170017,0.009792748
2346,2410.2868719110047,0.009792563
2347,2410.5645117759996,0.009793863
2348,2410.8461828240033,0.009794767
2349,2411.1259031299996,0.009795144
2350,2411.4058527950037,0.009796001
2351,2411.6856565480048,0.009797285
2352,2411.9646692280003,0.009798965
2353,2412.2440671930017,0.00979945
2354,2412.5260195740047,0.009796969
2355,2412.806122779999,0.009794578
2356,2413.0844163900038,0.009796173
2357,2413.3643121720015,0.00980129
2358,2413.642397880998,0.009807806
2359,2413.926227570002,0.009813829
2360,2414.2072825440046,0.009818276
2361,2414.489900589004,0.009820951
2362,2414.7699584970032,0.009819919
2363,2415.0502338410006,0.009814888
2364,2415.330509186002,0.009809332
2365,2415.6108427049985,0.009805515
2366,2415.890776158005,0.009804402
2367,2416.1703619960026,0.00980572
2368,2416.450283528,0.009808075
2369,2416.730095387,0.009811515
2370,2417.0075721750036,0.009816074
2371,2417.2876071930004,0.009822249
2372,2417.5695033080046,0.00982957
2373,2417.849645138005,0.009834925
2374,2418.1294207579995,0.009836738
2375,2418.4110770230036,0.009835971
2376,2418.6976122859996,0.009834023
2377,2418.9775037770014,0.009832241
2378,2419.2594203949993,0.009831191
2379,2419.540672303003,0.009830951
2380,2419.824143409998,0.009831149
2381,2420.107322216005,0.009830783
2382,2420.387459755002,0.009830368
2383,2420.6677627570025,0.009830703
2384,2420.9455199250006,0.009830788
2385,2421.222297191998,0.009829364
2386,2421.501589776002,0.009826813
2387,2421.7807149889995,0.009824914
2388,2422.0614304550036,0.009824089
2389,2422.3406167030043,0.009824355
2390,2422.620223046004,0.009825066
2391,2422.898627282004,0.00982455
2392,2423.177775383003,0.00982456
2393,2423.457219601005,0.009826985
2394,2423.7372045520024,0.00982942
2395,2424.0196971900004,0.009830258
2396,2424.3011550910014,0.009830874
2397,2424.5825390820028,0.009831392
2398,2424.8640589720017,0.009830778
2399,2425.144057751,0.009828993
2400,2425.4263577470047,0.009826709
2401,2425.7061781890006,0.009824445
2402,2425.987270356003,0.009822673
2403,2426.2677536019983,0.009821917
2404,2426.54886961,0.009821938
2405,2426.8308925630045,0.009821839
2406,2427.1109099390014,0.009822092
2407,2427.3933610919994,0.009824044
2408,2427.674057961005,0.009827513
2409,2427.954990864004,0.009830546
2410,2428.2351746560016,0.009832225
2411,2428.5163078309997,0.009833523
2412,2428.7977585800036,0.009833964
2413,2429.0784854890007,0.009832521
2414,2429.359621525,0.009830533
2415,2429.6403155330045,0.009830411
2416,2429.9222750670015,0.009832006
2417,2430.2031435969984,0.009834023
2418,2430.4849939350024,0.009835877
2419,2430.766944408999,0.009836396
2420,2511.2157855039986,0.009831077
2421,2511.4941015250006,0.009814967
2422,2511.774245739005,0.009790933
2423,2512.0528631210036,0.009765891
2424,2512.334726334004,0.009744517
2425,2512.616323948001,0.009729303
2426,2512.8967428210017,0.009720884
2427,2513.1778888710032,0.009717514
2428,2513.457346916999,0.009715409
2429,2513.7344584470047,0.009712363
2430,2514.0119466789984,0.009709487
2431,2514.2913289069984,0.009707315
2432,2514.572242260001,0.009704705
2433,2514.8533024790013,0.009702596
2434,2515.131961346,0.009702342
2435,2515.4105677609987,0.009702867
2436,2515.6895155910024,0.009702794
2437,2515.967725276998,0.009701933
2438,2516.248875618003,0.009700072
2439,2516.525934697005,0.009697057
2440,2516.8048110009986,0.009694012
2441,2517.0844998360044,0.009692525
2442,2517.3631348609997,0.009693873
2443,2517.6424965859987,0.009697595
2444,2517.9212794310006,0.009701819
2445,2518.1996178629997,0.009705024
2446,2518.479528904005,0.009705177
2447,2518.7584204680024,0.009701558
2448,2519.038004875998,0.00969675
2449,2519.317052365004,0.009692407
2450,2519.595919133004,0.009689952
2451,2519.874808788998,0.009691112
2452,2520.1543626790008,0.009694327
2453,2520.433573246002,0.009697026
2454,2520.713540555,0.009697269
2455,2520.9932084090033,0.009695678
2456,2521.274250031005,0.009695305
2457,2521.555146218001,0.009696963
2458,2521.833485604002,0.009698488
2459,2522.1143589019994,0.00969886
2460,2522.3943634040043,0.009699036
2461,2522.6747016910012,0.009699645
2462,2522.952829838003,0.009701103
2463,2523.232989312004,0.009702939
2464,2523.511557580001,0.009704152
2465,2523.789052963999,0.009704701
2466,2524.069498539,0.009705048
2467,2524.347857476001,0.009706058
2468,2524.625524998002,0.009708178
2469,2524.905193329003,0.009710668
2470,2525.188918591004,0.009712385
2471,2525.4657273300036,0.009712317
2472,2525.745159626,0.009710826
2473,2526.0236835480027,0.00970858
2474,2526.300447464004,0.00970579
2475,2526.5805459030016,0.009703446
2476,2526.860125542,0.009702919
2477,2527.137045383999,0.009704419
2478,2527.416387082005,0.009705787
2479,2527.693749427999,0.009706271
2480,2527.9710001950007,0.009707443
2481,2528.2514715200014,0.009709791
2482,2528.5327272420036,0.009711863
2483,2528.812687397003,0.009711923
2484,2529.089759827002,0.009710601
2485,2529.367469788005,0.009709563
2486,2529.6453170780005,0.009710851
2487,2529.922966958002,0.009714747
2488,2530.2014660839995,0.009717943
2489,2530.481763363001,0.009718885
2490,2530.762538433999,0.009719017
2491,2531.0401096350033,0.009719104
2492,2531.3187994960026,0.009718338
2493,2531.5975537300037,0.009715729
2494,2531.8777871140046,0.009711977
2495,2532.159865857,0.009708209
2496,2532.4398489000014,0.009705346
2497,2532.7200040820026,0.009705931
2498,2533.000542640999,0.009710692
2499,2533.281020164999,0.009716076
2500,2533.5618228919993,0.009719457
2501,2533.8431653980006,0.00972124
2502,2534.1247582440046,0.00972198
2503,2534.4042243959993,0.009721662
2504,2534.686511040003,0.009720483
2505,2534.9725375179987,0.009718701
2506,2535.253808499001,0.009716752
2507,2535.5327668190002,0.009715874
2508,2535.815265656005,0.009715776
2509,2536.0928936010023,0.009715074
2510,2536.372092247002,0.009714453
2511,2536.6498365410007,0.009714027
2512,2536.9300880439987,0.009713163
2513,2537.209125996,0.009712464
2514,2537.4882073410045,0.009712903
2515,2537.768200874998,0.00971547
2516,2538.048201561003,0.00971957
2517,2538.3283638959983,0.009723988
2518,2538.6073246009983,0.009728352
2519,2538.890100479999,0.009732435
2520,2539.1688647269984,0.009736996
2521,2539.4468116760036,0.009741134
2522,2539.7251195909994,0.009743226
2523,2540.002468110004,0.009744246
2524,2540.281144143002,0.00974445
2525,2540.5597748760047,0.009743672
2526,2540.840460778003,0.009744226
2527,2541.121430874002,0.009746903
2528,2541.401080609001,0.009749193
2529,2541.6798067100026,0.009750206
2530,2623.7140650750007,0.009748965
2531,2624.012020588001,0.009743689
2532,2624.3010177620017,0.009736305
2533,2624.588024616998,0.009728686
2534,2624.8800182350024,0.009721296
2535,2625.166017055999,0.009715167
2536,2625.4540166860024,0.00971024
2537,2625.7430562980007,0.009705889
2538,2626.039266110005,0.00970215
2539,2626.3229923250037,0.009699611
2540,2626.606029511,0.009698225
2541,2626.8849892619983,0.009698326
2542,2627.1671266560006,0.009701218
2543,2627.4487895970015,0.009706623
2544,2627.727562904998,0.009712232
2545,2628.0097165109983,0.009715188
2546,2628.2903347020037,0.009714993
2547,2628.570717335002,0.009713355
2548,2628.853831291999,0.009711669
2549,2629.1348943710036,0.009709841
2550,2629.4157314309996,0.009707387
2551,2629.6971740730005,0.0097051
2552,2629.977150441002,0.009703083
2553,2630.256904603004,0.009701166
2554,2630.5367226610033,0.009699767
2555,2630.817462445004,0.009697877
2556,2631.099550248,0.009695348
2557,2631.380200863001,0.00969412
2558,2631.660756588004,0.009694598
2559,2631.9436674120007,0.009694959
2560,2632.226684093999,0.009695243
2561,2632.508722783001,0.009695865
2562,2632.788171291999,0.009696153
2563,2633.073877335002,0.009696355
2564,2633.3550958640044,0.009696239
2565,2633.6359643940013,0.009695639
2566,2633.916769028001,0.00969519
2567,2634.1958656319985,0.009694629
2568,2634.473952294,0.009692346
2569,2634.7540669450027,0.0096893
2570,2635.0326414110023,0.009688559
2571,2635.3137335780048,0.009689455
2572,2635.595370770003,0.009689316
2573,2635.878001689998,0.00968771
2574,2636.1578927040027,0.009685712
2575,2636.4361438760025,0.009684137
2576,2636.715335845998,0.009682835
2577,2636.9964442260025,0.009681428
2578,2637.2763762480026,0.009680513
2579,2637.5551991469983,0.009680311
2580,2637.833799838998,0.00968063
2581,2638.1138052950046,0.009680525
2582,2638.3957123760047,0.009679544
2583,2638.675156117002,0.009678525
2584,2638.957139015998,0.009678146
2585,2639.238721848,0.009680383
2586,2639.517479897004,0.00968504
2587,2639.7981529239987,0.009689475
2588,2640.079144001,0.009693058
2589,2640.361176491002,0.009695754
2590,2640.6416444780043,0.009697421
2591,2640.9211072930048,0.009697881
2592,2641.201354981,0.009698249
2593,2641.4817776679993,0.009699426
2594,2641.762349606004,0.009699641
2595,2642.0425248149986,0.009699162
2596,2642.3217811590002,0.00969939
2597,2642.602356911004,0.009700766
2598,2642.8823156360013,0.009703512
2599,2643.164255143005,0.009705949
2600,2643.444510936999,0.009706856
2601,2643.724736214004,0.009706763
2602,2644.0047607430024,0.009705794
2603,2644.2837905890046,0.009703975
2604,2644.563654423,0.00970207
2605,2644.844799519,0.009700921
2606,2645.125473977001,0.00970043
2607,2645.405476093998,0.009701152
2608,2645.6851840020026,0.009703328
2609,2645.9641141899992,0.00970615
2610,2646.2444858560048,0.009709598
2611,2646.5233883859983,0.009712798
2612,2646.802417279003,0.009714084
2613,2647.0829577449986,0.00971344
2614,2647.3604679109994,0.009712032
2615,2647.640507699005,0.009710237
2616,2647.9208235750048,0.009709564
2617,2648.204929352003,0.00971022
2618,2648.484294892005,0.009709069
2619,2648.7656450280047,0.009706789
2620,2649.044771672001,0.00970716
2621,2649.324139119002,0.009710119
2622,2649.604470252998,0.009712456
2623,2649.882842541003,0.009711348
2624,2650.1631002430004,0.009706465
2625,2650.4433503160035,0.009701347
2626,2650.724215031005,0.009698896
2627,2651.0053892139986,0.009697959
2628,2651.2856612210016,0.009697353
2629,2651.566618443001,0.009697192
2630,2651.8468980789985,0.00969875
2631,2652.1259675030014,0.009703192
2632,2652.4065217980024,0.009708229
2633,2652.685860634003,0.009712258
2634,2652.9665813450047,0.009715887
2635,2653.2454195030004,0.009717241
2636,2653.525642872002,0.009715542
2637,2653.8070778850015,0.009713352
2638,2654.0880217560043,0.009711897
2639,2654.3667216309987,0.009710954
2640,2734.904111863005,0.009710468
2641,2735.185020447003,0.00970918
2642,2735.4655842790016,0.009705671
2643,2735.7458930020002,0.009700437
2644,2736.025912285004,0.009694198
2645,2736.3056592950015,0.009687249
2646,2736.5861239439982,0.009680331
2647,2736.867847442998,0.009674586
2648,2737.147995471998,0.009670834
2649,2737.4319691659985,0.00966935
2650,2737.713251590998,0.009669801
2651,2737.994328022003,0.009671638
2652,2738.273751736,0.009675525
2653,2738.5538067820016,0.009679981
2654,2738.8344178199986,0.009680787
2655,2739.114736080999,0.009678264
2656,2739.3961601260016,0.009676295
2657,2739.677946568001,0.009675903
2658,2739.9589023590015,0.009676619
2659,2740.239861012,0.009678713
2660,2740.519558906999,0.009681358
2661,2740.8018007280043,0.00968353
2662,2741.081951619002,0.009685207
2663,2741.3620476729993,0.00968624
2664,2741.643758297003,0.009686076
2665,2741.924165725999,0.009685545
2666,2742.203963757005,0.009685894
2667,2742.4849886900047,0.009685529
2668,2742.765145778998,0.00968311
2669,2743.0461964610004,0.009679993
2670,2743.327636242,0.009677307
2671,2743.6087155350033,0.009676191
2672,2743.8901309970024,0.009678077
2673,2744.170803547,0.009681792
2674,2744.452977658002,0.009684769
2675,2744.733230591002,0.009686965
2676,2745.0146007540025,0.00968949
2677,2745.295566558998,0.009692416
2678,2745.5776314739996,0.009694817
2679,2745.8571405420007,0.009694545
2680,2746.1374545100043,0.009690738
2681,2746.4197754859997,0.009684768
2682,2746.6995925910014,0.009678403
2683,2746.980335236003,0.00967298
2684,2747.2597470289984,0.009669175
2685,2747.5403184899988,0.009668252
2686,2747.8215169910036,0.009670525
2687,2748.102216721003,0.009674082
2688,2748.3822073940028,0.009677786
2689,2748.6621031770046,0.009680834
2690,2748.9425807000007,0.00968257
2691,2749.2246994980014,0.009683216
2692,2749.506490231004,0.009682154
2693,2749.7879018790045,0.009679336
2694,2750.0687961580043,0.009676176
2695,2750.348834037999,0.009674076
2696,2750.630962848998,0.009673846
2697,2750.912186622998,0.009674536
2698,2751.192636489999,0.009674886
2699,2751.472716809003,0.009675349
2700,2751.7530751230006,0.009676526
2701,2752.034032345,0.009677944
2702,2752.3151373869987,0.009678369
2703,2752.5955481530036,0.009677537
2704,2752.8769273760045,0.009676197
2705,2753.158218384,0.009674298
2706,2753.4385161399987,0.009672295
2707,2753.720116616001,0.009671218
2708,2754.0013036730015,0.009672312
2709,2754.283598423004,0.009675896
2710,2754.5633144380045,0.009679747
2711,2754.844646931,0.009682585
2712,2755.1263475419983,0.009683831
2713,2755.4073081020033,0.009682647
2714,2755.688414574004,0.009680021
2715,2755.9696497920013,0.009677614
2716,2756.2512350090037,0.009676446
2717,2756.5312075620022,0.0096761
2718,2756.812296390999,0.00967658
2719,2757.093351841002,0.009677633
2720,2757.3741726880035,0.009677358
2721,2757.656982899003,0.009675668
2722,2757.9381189350024,0.009673163
2723,2758.218985558,0.009670022
2724,2758.4988408089994,0.009667786
2725,2758.7780609140027,0.009666768
2726,2759.0588269240034,0.009666428
2727,2759.3404436120036,0.009667048
2728,2759.6225023270017,0.009666203
2729,2759.9032440189985,0.009663713
2730,2760.185245038003,0.009662493
2731,2760.4665732389985,0.009661801
2732,2760.7481741910015,0.009660102
2733,2761.0299324990046,0.009657798
2734,2761.3106617930025,0.009656486
2735,2761.589952469003,0.009655816
2736,2761.871123791003,0.009653428
2737,2762.1510467530024,0.009649347
2738,2762.4300312999985,0.009646115
2739,2762.7131600380017,0.009644977
2740,2762.993030548998,0.00964462
2741,2763.273766995,0.009643836
2742,2763.554312706001,0.009642989
2743,2763.8344101910043,0.009642424
2744,2764.1163482670017,0.009642571
2745,2764.398597717998,0.009642802
2746,2764.679212094001,0.009643145
2747,2764.9598345760023,0.009645619
2748,2765.239709378002,0.009649957
2749,2765.5198416710045,0.009654255
2750,2846.138273716002,0.00965638
2751,2846.4188332560007,0.00965495
2752,2846.7007684710043,0.009650719
2753,2846.9813580519985,0.009646227
2754,2847.261851310999,0.009643611
2755,2847.5415987970046,0.009642247
2756,2847.82313633,0.009639999
2757,2848.1034760480034,0.009636027
2758,2848.3850750929996,0.009632894
2759,2848.6650271420003,0.009632202
2760,2848.9467592240035,0.009632046
2761,2849.2294216160008,0.009630899
2762,2849.5113601690027,0.00962847
2763,2849.7939391140026,0.00962567
2764,2850.0740551950003,0.009623153
2765,2850.355354785999,0.009620513
2766,2850.6362581260037,0.009617629
2767,2850.9172091490036,0.009614325
2768,2851.198786259003,0.009610981
2769,2851.4807019240034,0.009608617
2770,2851.761675835005,0.009607131
2771,2852.0431733139994,0.009606606
2772,2852.3258214000016,0.009607768
2773,2852.6050696380044,0.009610145
2774,2852.8858737949995,0.009612341
2775,2853.1682171830034,0.009613125
2776,2853.4494647980027,0.009612126
2777,2853.7295823099994,0.009610386
2778,2854.010867596,0.009610018
2779,2854.294902325004,0.009611414
2780,2854.578921319,0.009612988
2781,2854.8661346439985,0.009613404
2782,2855.1553745269994,0.00961258
2783,2855.435641766002,0.009611408
2784,2855.716157914001,0.009610019
2785,2856.000975132003,0.009609326
2786,2856.287069320999,0.009610967
2787,2856.573243142004,0.009614361
2788,2856.862244130003,0.009616362
2789,2857.153824806999,0.009615499
2790,2857.4427967080046,0.009612738
2791,2857.7311387070004,0.009608851
2792,2858.0177521709993,0.00960551
2793,2858.2995805739993,0.009603924
2794,2858.581275463999,0.009603556
2795,2858.863327027,0.009602984
2796,2859.1447505960023,0.009602598
2797,2859.4275670060015,0.009604276
2798,2859.708949566004,0.009607143
2799,2859.9898672109994,0.009610267
2800,2860.270625115001,0.009612993
2801,2860.551488877005,0.00961502
2802,2860.832999707003,0.009617163
2803,2861.115243912005,0.00961763
2804,2861.396746159,0.009615054
2805,2861.677853107998,0.00961072
2806,2861.958880901999,0.009606854
2807,2862.2393174180033,0.009605433
2808,2862.5213432320015,0.009605368
2809,2862.8009581570004,0.009605387
2810,2863.081752778002,0.009606339
2811,2863.363651753003,0.009608464
2812,2863.643641472001,0.009611135
2813,2863.924345971005,0.009613556
2814,2864.208195209998,0.009614327
2815,2864.4898395540004,0.009613485
2816,2864.7715802200037,0.009613365
2817,2865.053864002999,0.009614286
2818,2865.3346128470002,0.009614289
2819,2865.614923001005,0.009613154
2820,2865.895106793003,0.009612025
2821,2866.1780390740023,0.009610321
2822,2866.458912850001,0.00960781
2823,2866.7399592400034,0.00960675
2824,2867.020302296005,0.009608275
2825,2867.303070546004,0.009610881
2826,2867.585664750004,0.009613036
2827,2867.8652815820024,0.009614255
2828,2868.147937298003,0.009614772
2829,2868.429408074,0.009615861
2830,2868.711944104005,0.009618055
2831,2868.9941306120018,0.009620009
2832,2869.2743544580007,0.009620369
2833,2869.5564870840026,0.009618544
2834,2869.838076115004,0.009614885
2835,2870.118010998005,0.009611137
2836,2870.4000444420017,0.009608399
2837,2870.681373120002,0.00960654
2838,2870.9633169180015,0.009605371
2839,2871.243822098004,0.009603943
2840,2871.525473595,0.00960177
2841,2871.809560776004,0.009600383
2842,2872.090929032005,0.009601361
2843,2872.374703885005,0.009604178
2844,2872.654841900003,0.009607109
2845,2872.9361190800046,0.009608373
2846,2873.219310761,0.009608437
2847,2873.5007114420005,0.009610454
2848,2873.7819900520044,0.009613686
2849,2874.0649843220017,0.009614355
2850,2874.346625805003,0.009613468
2851,2874.6261687279984,0.009613414
2852,2874.9135770799985,0.009613822
2853,2875.2023820879986,0.009614586
2854,2875.4861841210004,0.009615435
2855,2875.768828869004,0.009615073
2856,2876.0511002550047,0.009613271
2857,2876.3309879310036,0.009610583
2858,2876.6123270989992,0.009608182
2859,2876.8950967790006,0.009607567
2860,2957.3799495700005,0.009608547
2861,2957.6612253190033,0.009610857
2862,2957.942186833003,0.009613826
2863,2958.222223759003,0.009615848
2864,2958.503187656999,0.009616382
2865,2958.783187867004,0.009615879
2866,2959.065184594001,0.009614572
2867,2959.3452234270007,0.009612887
2868,2959.6261882789986,0.009612336
2869,2959.9062204369984,0.009612152
2870,2960.188223361998,0.009610321
2871,2960.469188214003,0.009607384
2872,2960.750185967001,0.009605429
2873,2961.030185223004,0.009605881
2874,2961.310214520003,0.009607403
2875,2961.591223717005,0.009607998
2876,2961.872187615001,0.00960787
2877,2962.1522216800004,0.009607136
2878,2962.433188439005,0.009604001
2879,2962.7141914370004,0.009598331
2880,2962.9951868060016,0.009594045
2881,2963.2741889960016,0.009594365
2882,2963.557226181001,0.009598151
2883,2963.836188317,0.009602477
2884,2964.1182146080027,0.009605604
2885,2964.4002180099997,0.009606806
2886,2964.6811885839998,0.009606901
2887,2964.9621877669997,0.009607214
2888,2965.2432212830026,0.009606673
2889,2965.5242233280005,0.009604553
2890,2965.8042478569987,0.00960239
2891,2966.0872163780004,0.009602111
2892,2966.3672270780007,0.009603493
2893,2966.6491913799982,0.009605469
2894,2966.9301905640023,0.009608169
2895,2967.211219788005,0.009611247
2896,2967.492218018,0.009613959
2897,2967.7731928830035,0.009616832
2898,2968.0522279740035,0.009619597
2899,2968.3312263490006,0.009620798
2900,2968.6102280620034,0.009620138
2901,2968.891225338004,0.009618821
2902,2969.1722307210002,0.009617667
2903,2969.4521989830027,0.009616349
2904,2969.7332472810012,0.009614988
2905,2970.014243603,0.009613346
2906,2970.293215275,0.009612284
2907,2970.572220326001,0.009613829
2908,2970.855249881999,0.009617017
2909,2971.1362671860043,0.009619727
2910,2971.4152669910036,0.009621587
2911,2971.6962676050025,0.009622084
2912,2971.9752812389997,0.009620652
2913,2972.2562851910043,0.009618677
2914,2972.536258221,0.009616843
2915,2972.8173007970036,0.009614445
2916,2973.1002674109986,0.009611932
2917,2973.3802762039995,0.009610562
2918,2973.6633152970026,0.009611486
2919,2973.9442844400037,0.009614374
2920,2974.2253246309992,0.009617682
2921,2974.5063323979994,0.009620468
2922,2974.786303998,0.009622071
2923,2975.0703458790013,0.009622492
2924,2975.3546786310035,0.009621855
2925,2975.6404438020036,0.009618703
2926,2975.92245102,0.009613529
2927,2976.2034587860035,0.009609892
2928,2976.484486580004,0.009609794
2929,2976.7674684529993,0.009612205
2930,2977.047472477003,0.009614659
2931,2977.334506035004,0.009615014
2932,2977.615664959005,0.009613643
2933,2977.8961033829983,0.009612357
2934,2978.1771082880005,0.009611469
2935,2978.4581475259984,0.009611048
2936,2978.741157532,0.009610852
2937,2979.0221610070002,0.009610745
2938,2979.3021636010017,0.009612152
2939,2979.5831685070007,0.009614529
2940,2979.8651824000044,0.009615985
2941,2980.146181584001,0.009616077
2942,2980.427185059001,0.009615156
2943,2980.707191467998,0.009613297
2944,2980.9881625179987,0.009611137
2945,2981.2702040680015,0.0096095
2946,2981.549217701002,0.009608024
2947,2981.829178334003,0.00960706
2948,2982.108222007999,0.0096072
2949,2982.3881874090002,0.009608192
2950,2982.669227601,0.009609176
2951,2982.9492030149995,0.009609524
2952,2983.229204654999,0.009608743
2953,2983.5112457280047,0.009606698
2954,2983.7912182810032,0.009605361
2955,2984.073257447002,0.009606421
2956,2984.3552517900025,0.009609237
2957,2984.6372318270005,0.009612804
2958,2984.9222722060003,0.009616366
2959,2985.204575062002,0.009618899
2960,2985.4854402550045,0.009619192
2961,2985.766485692002,0.009617496
2962,2986.0474529269995,0.009615866
2963,2986.3284573560013,0.009615254
2964,2986.6094665530036,0.009615051
2965,2986.889469147005,0.009614874
2966,2987.170506000999,0.009615271
2967,2987.4515042310013,0.009616812
2968,2987.7365350730033,0.009618989
2969,2988.0175151830044,0.009620701
2970,3068.240798951003,0.009619143
2971,3068.5208034520037,0.009611597
2972,3068.800775528005,0.009600148
2973,3069.080780507,0.009587173
2974,3069.3628206260037,0.009573575
2975,3069.6429796220036,0.009561664
2976,3069.9229516990017,0.009552726
2977,3070.203958035003,0.009546381
2978,3070.484962941002,0.009542231
2979,3070.7669696810044,0.009539807
2980,3071.0479736330017,0.009538324
2981,3071.3290028580013,0.009537371
2982,3071.6089830400015,0.009534942
2983,3071.8899903300044,0.009530216
2984,3072.1710324290034,0.009526151
2985,3072.451999665005,0.009525687
2986,3072.7320313460004,0.009529078
2987,3073.0140128140047,0.009533061
2988,3073.295018197001,0.009534715
2989,3073.574020386004,0.009535105
2990,3073.8540248880017,0.009535708
2991,3074.1340308190047,0.009535996
2992,3074.4160385139985,0.009535628
2993,3074.6970419889985,0.009535267
2994,3074.979213715,0.009534413
2995,3075.2599248890037,0.009533158
2996,3075.5409297950027,0.009532819
2997,3075.8209581379997,0.009533002
2998,3076.1009387970043,0.009533673
2999,3076.3849449160043,0.009534609
3000,3076.665952206,0.009535175
3001,3076.949998379001,0.00953555
3002,3077.2309999470017,0.009535495
3003,3077.511002541003,0.009534913
3004,3077.791974068001,0.009534094
3005,3078.072014809004,0.009533643
3006,3078.3529834750007,0.009532602
3007,3078.634196759005,0.00952972
3008,3078.9161734590016,0.009526192
3009,3079.1962099080047,0.009523133
3010,3079.4761857990015,0.009521532
3011,3079.757226943999,0.009522013
3012,3080.038229466001,0.009523708
3013,3080.318224431001,0.009525376
3014,3080.6012353900005,0.00952558
3015,3080.8822126390005,0.009524782
3016,3081.1642422680015,0.009523732
3017,3081.4452500350017,0.009522504
3018,3081.727227688003,0.009522495
3019,3082.0082664490037,0.009523425
3020,3082.2882657060036,0.009523905
3021,3082.569271088003,0.009524604
3022,3082.8502769469997,0.009526416
3023,3083.1302552230045,0.00952797
3024,3083.409259797001,0.009527138
3025,3083.6893010140047,0.009525486
3026,3083.970271588005,0.009525282
3027,3084.2493028649988,0.009525341
3028,3084.5283098229993,0.009524901
3029,3084.809312821002,0.009525684
3030,3085.0903186799987,0.009527842
3031,3085.370330810998,0.009529215
3032,3085.651303769002,0.009528661
3033,3085.932332993005,0.009525432
3034,3086.213347912002,0.009520327
3035,3086.4943213470033,0.009516541
3036,3086.773323535999,0.009515617
3037,3087.054355622,0.009516082
3038,3087.3343706140004,0.009516431
3039,3087.6143412590027,0.009517695
3040,3087.895382405004,0.009520606
3041,3088.1763520250024,0.009523955
3042,3088.4563555720015,0.009526902
3043,3088.73740387,0.009528536
3044,3089.01940012,0.009527722
3045,3089.300406456001,0.009526287
3046,3089.580378532999,0.009526333
3047,3089.860385895001,0.009526163
3048,3090.1403899200013,0.009525188
3049,3090.4204344750033,0.009524676
3050,3090.7014007570033,0.009525548
3051,3090.982442379005,0.009527483
3052,3091.2664442070018,0.009528165
3053,3091.546413422002,0.009527716
3054,3091.826420784004,0.009527389
3055,3092.1054263120022,0.009527493
3056,3092.3864302639995,0.009529393
3057,3092.6664643289987,0.009531655
3058,3092.9464426050035,0.009531033
3059,3093.227471352002,0.009529243
3060,3093.5074992180016,0.009529555
3061,3093.7874865539998,0.009531175
3062,3094.0684676169985,0.009532497
3063,3094.349493504,0.009533077
3064,3094.6295146949997,0.009533843
3065,3094.910506248998,0.009535729
3066,3095.1905169489983,0.009537703
3067,3095.4694890980027,0.009539409
3068,3095.7545928960026,0.009541396
3069,3096.036752701002,0.009543696
3070,3096.3207578660003,0.009545536
3071,3096.601763726001,0.009546098
3072,3096.8825569160035,0.00954525
3073,3097.1626029020044,0.009542596
3074,3097.443600178005,0.00953905
3075,3097.724570752005,0.009536472
3076,3098.006611347999,0.009534632
3077,3098.2886185649986,0.009532037
3078,3098.5706214910024,0.009528773
3079,3098.8515949249995,0.00952659
3080,3179.102230549004,0.009525125
3081,3179.3812346460036,0.009522539
3082,3179.6612300880006,0.009519067
3083,3179.942242623001,0.009514722
3084,3180.228248120002,0.009509729
3085,3180.511220455999,0.009505255
3086,3180.7922515870014,0.009501664
3087,3181.0742316250034,0.009499062
3088,3181.356237412001,0.009495997
3089,3181.637276649999,0.009491948
3090,3181.919354439,0.00948873
3091,3182.2006559380025,0.00948659
3092,3182.4806237230005,0.009484363
3093,3182.7616372109987,0.009481458
3094,3183.0436716080003,0.009478079
3095,3183.3246378900003,0.009475544
3096,3183.6056456570004,0.009475279
3097,3183.8866748810033,0.009475661
3098,3184.1686882979993,0.009474388
3099,3184.448693753002,0.009472436
3100,3184.7297048570035,0.00947101
3101,3185.0097217560033,0.009469685
3102,3185.2906785020023,0.009467813
3103,3185.5717191700023,0.009465342
3104,3185.8516860009986,0.009463081
3105,3186.131727218999,0.009462431
3106,3186.412698746004,0.009463177
3107,3186.6937375070047,0.009464009
3108,3186.973745823001,0.009465393
3109,3187.254716397001,0.009467802
3110,3187.5357522970007,0.009469735
3111,3187.8157610900016,0.009469384
3112,3188.0967669489983,0.00946666
3113,3188.3777732849994,0.009463369
3114,3188.659774304004,0.009461584
3115,3188.939747811004,0.009461335
3116,3189.2187509540017,0.009460597
3117,3189.500790596001,0.009459163
3118,3189.782795430001,0.009459323
3119,3190.0638031960043,0.009461096
3120,3190.3458075529998,0.009462594
3121,3190.6247792249997,0.009462612
3122,3190.9048290260034,0.009460853
3123,3191.1858172420034,0.009458678
3124,3191.466818810004,0.009457713
3125,3191.748826504001,0.009458211
3126,3192.030839444,0.009459748
3127,3192.3128437999985,0.009462049
3128,3192.5938539510025,0.009464726
3129,3192.875854016005,0.009467046
3130,3193.156867028003,0.009468247
3131,3193.4378671650047,0.009468424
3132,3193.717847824999,0.009468564
3133,3193.998876095,0.009469282
3134,3194.2798485759995,0.009470247
3135,3194.559879780005,0.009471006
3136,3194.839886189002,0.009470981
3137,3195.121865273002,0.009469453
3138,3195.4039077760026,0.009467265
3139,3195.6859083180025,0.009465244
3140,3195.9669132240015,0.009463587
3141,3196.247882843003,0.009462946
3142,3196.528892041002,0.009462526
3143,3196.8089013100034,0.009461911
3144,3197.092936993002,0.009462195
3145,3197.3769454959984,0.009463912
3146,3197.659936905002,0.009466345
3147,3197.940919877001,0.009467952
3148,3198.223957539005,0.009468272
3149,3198.506964207001,0.009468485
3150,3198.7902507789986,0.009469608
3151,3199.070290566,0.009471339
3152,3199.3502616890037,0.009473871
3153,3199.6303033830045,0.009476534
3154,3199.9113054280024,0.009478399
3155,3200.1932783130032,0.00947939
3156,3200.474318982,0.009478964
3157,3200.756321908004,0.009477865
3158,3201.037328244005,0.009477538
3159,3201.3193392760004,0.009479137
3160,3201.601329803998,0.009481678
3161,3201.8803119660006,0.009482606
3162,3202.1613483430046,0.009482219
3163,3202.442354202998,0.00948195
3164,3202.723327159998,0.009481737
3165,3203.0033640870024,0.009481964
3166,3203.2873716360045,0.009482296
3167,3203.5703449249995,0.009481797
3168,3203.850347995998,0.009480879
3169,3204.1323862080026,0.009479982
3170,3204.4143605240024,0.009478345
3171,3204.695363521998,0.009475681
3172,3204.974368572999,0.009473902
3173,3205.255410671998,0.009474429
3174,3205.536379338002,0.009474448
3175,3205.8154206280014,0.00947305
3176,3206.096427441,0.009473589
3177,3206.377414704002,0.009475901
3178,3206.6594338420036,0.009477429
3179,3206.940406323003,0.00947763
3180,3207.220438958,0.00947723
3181,3207.501417160005,0.00947595
3182,3207.7814555170044,0.009472726
3183,3208.0614275940025,0.009468553
3184,3208.3404326439995,0.009466316
3185,3208.620562077005,0.009467438
3186,3208.9008622170004,0.009470542
3187,3209.1818366060033,0.009473863
3188,3209.462875367004,0.009476159
3189,3209.7428450590014,0.009476372
3190,3289.983851433004,0.009475832
3191,3290.2655816080005,0.009476204
3192,3290.5460906029984,0.009475663
3193,3290.8255844119994,0.009473461
3194,3291.107143403002,0.009471893
3195,3291.3884491930003,0.009472554
3196,3291.6692695620004,0.009474348
3197,3291.9510040290043,0.009474685
3198,3292.2315988550035,0.009473073
3199,3292.5113043790043,0.009470456
3200,3292.7929553990034,0.009467294
3201,3293.074969292,0.009464905
3202,3293.3547296530014,0.009464708
3203,3293.6350512510035,0.00946517
3204,3293.9160256390023,0.009463939
3205,3294.1960635190044,0.009460743
3206,3294.4756817820016,0.009456618
3207,3294.757294654999,0.009453493
3208,3295.0375094420015,0.009453211
3209,3295.319659710003,0.009455271
3210,3295.600456715001,0.009457499
3211,3295.8817858699986,0.009458412
3212,3296.1617393499982,0.00945836
3213,3296.4417047509996,0.009458029
3214,3296.72240305,0.009457558
3215,3297.003545284999,0.009457038
3216,3297.283701897002,0.009456171
3217,3297.5642027860013,0.009455635
3218,3297.845722676,0.009454329
3219,3298.1254081730003,0.00945167
3220,3298.4067645079995,0.009450804
3221,3298.687345981998,0.009451152
3222,3298.9673171050017,0.009450261
3223,3299.2483477600035,0.009449098
3224,3299.5301585199995,0.009448123
3225,3299.810626983999,0.009447295
3226,3300.090464592002,0.009447337
3227,3300.372051238999,0.009448363
3228,3300.653653145004,0.009449892
3229,3300.934202672004,0.009450387
3230,3301.2144393929993,0.009449428
3231,3301.493587017998,0.009448345
3232,3301.774280548998,0.009447294
3233,3302.054294587004,0.009446112
3234,3302.335432052998,0.009445103
3235,3302.616759301003,0.009444345
3236,3302.897571087,0.009443966
3237,3303.1779870989994,0.00944436
3238,3303.4587988860003,0.009445507
3239,3303.7400174150025,0.009446955
3240,3304.0218968400004,0.009448288
3241,3304.303681851001,0.009449205
3242,3304.5847110750037,0.009450283
3243,3304.865198612999,0.009451163
3244,3305.1469435699983,0.009450694
3245,3305.428541661,0.009449986
3246,3305.710554600002,0.009449811
3247,3305.990264416003,0.009449851
3248,3306.2717218399994,0.009450623
3249,3306.5527324680006,0.009451883
3250,3306.833626271,0.009452575
3251,3307.1144537930013,0.009452468
3252,3307.3962125780017,0.009451731
3253,3307.6783604630036,0.00945084
3254,3307.959440232,0.009449513
3255,3308.2396068579983,0.009447062
3256,3308.5215058329995,0.009444513
3257,3308.804150105003,0.009442603
3258,3309.084409714,0.009441171
3259,3309.3641538619995,0.009440737
3260,3309.646121979,0.009441389
3261,3309.928260804001,0.00944185
3262,3310.2098088269995,0.009441642
3263,3310.4902100570034,0.009440564
3264,3310.772721291003,0.009438173
3265,3311.053829194003,0.00943541
3266,3311.335233689002,0.009433913
3267,3311.620357036998,0.009434097
3268,3311.9007759099986,0.009434294
3269,3312.181324006,0.009433268
3270,3312.462533951002,0.009431762
3271,3312.7423453340016,0.009431353
3272,3313.026171685,0.009432551
3273,3313.306180478001,0.009433621
3274,3313.5872521409983,0.009433953
3275,3313.869359494005,0.009434333
3276,3314.1494297989993,0.009434554
3277,3314.4290761950033,0.009433566
3278,3314.7102742200004,0.009431017
3279,3314.99384594,0.009429541
3280,3315.2745528230007,0.009431645
3281,3315.5553412439986,0.009436167
3282,3315.8364038470027,0.009441273
3283,3316.1170411109997,0.009445163
3284,3316.3977890020033,0.009446464
3285,3316.679060936003,0.00944673
3286,3316.959926606003,0.009447121
3287,3317.241570473001,0.009446326
3288,3317.527554512002,0.009443314
3289,3317.808297635005,0.009438418
3290,3318.089428902,0.009433335
3291,3318.3703851700047,0.009430297
3292,3318.6522502900043,0.009429267
3293,3318.933488846,0.009428759
3294,3319.2135553359985,0.009429623
3295,3319.4945340160048,0.009432276
3296,3319.775369645002,0.009435152
3297,3320.0570368769986,0.009437874
3298,3320.3380346300037,0.009441096
3299,3320.619732857005,0.009445318
3300,3400.929188729002,0.00944842
3301,3401.2105402950037,0.009447172
3302,3401.491621494999,0.009441959
3303,3401.772998332999,0.009435496
3304,3402.0551514629988,0.009430485
3305,3402.336576939,0.009427956
3306,3402.617970944004,0.009426437
3307,3402.898302556001,0.009425026
3308,3403.180020810003,0.009423788
3309,3403.462070942005,0.00942279
3310,3403.7426152230037,0.009422291
3311,3404.0245718959995,0.009421659
3312,3404.305403710001,0.009420261
3313,3404.585987092003,0.009418179
3314,3404.867358684998,0.009414616
3315,3405.1482386589996,0.009410427
3316,3405.430267333999,0.009408045
3317,3405.7123675350012,0.009406591
3318,3405.9942955980005,0.00940477
3319,3406.2767233850027,0.009403264
3320,3406.5584225659986,0.009402772
3321,3406.839174271001,0.009403742
3322,3407.1211466790046,0.0094048
3323,3407.4016513829993,0.009403504
3324,3407.6835885050023,0.009400639
3325,3407.965287209001,0.009399538
3326,3408.245738507001,0.009400978
3327,3408.5257601740013,0.009403393
3328,3408.807331085998,0.009405924
3329,3409.088156701,0.00940915
3330,3409.372501374004,0.009413222
3331,3409.654285431003,0.009417867
3332,3409.9361109739984,0.00942285
3333,3410.2181129460005,0.009425374
3334,3410.4985337260005,0.009422934
3335,3410.7816376690025,0.009416845
3336,3411.0625157360046,0.00940961
3337,3411.342370987004,0.009403506
3338,3411.622986317001,0.009399525
3339,3411.9037647250007,0.009396919
3340,3412.187429429003,0.009395574
3341,3412.466832638005,0.009396265
3342,3412.7469196320017,0.009398726
3343,3413.028040410005,0.009401484
3344,3413.308880329998,0.009403099
3345,3413.588984013004,0.009403336
3346,3413.8692903519986,0.009402892
3347,3414.151160717003,0.009401774
3348,3414.4315366750016,0.009400886
3349,3414.7123980530014,0.009401266
3350,3414.994763374998,0.009402429
3351,3415.2750263220005,0.009404748
3352,3415.5553202630035,0.009407946
3353,3415.836264133999,0.009410775
3354,3416.119455815002,0.009412274
3355,3416.399755478,0.009412687
3356,3416.679007530998,0.009413528
3357,3416.960036278004,0.009415624
3358,3417.2410626420024,0.009418626
3359,3417.523186684004,0.0094208
3360,3417.804729939002,0.009421346
3361,3418.086613656,0.009420922
3362,3418.366702557003,0.009420449
3363,3418.6491131790026,0.009420318
3364,3418.929704189999,0.009419294
3365,3419.210408211002,0.009418676
3366,3419.4920678140043,0.009419869
3367,3419.7736544610016,0.00942163
3368,3420.0554542550017,0.009422733
3369,3420.337627411005,0.009422233
3370,3420.6171841629985,0.009420712
3371,3420.8979020120023,0.009419798
3372,3421.1801471709987,0.009419702
3373,3421.462781430004,0.009419532
3374,3421.7425384529997,0.009419146
3375,3422.024484157999,0.009418989
3376,3422.306132317004,0.009418837
3377,3422.586327552999,0.009418833
3378,3422.8672170639984,0.009419977
3379,3423.1487917900013,0.009421304
3380,3423.4303488740043,0.009421118
3381,3423.7111325270016,0.009420036
3382,3423.9936470989996,0.00941998
3383,3424.276125908,0.009421548
3384,3424.5564870840026,0.009423007
3385,3424.836847783001,0.009423259
3386,3425.118290901999,0.009424034
3387,3425.4005346300037,0.009426594
3388,3425.6821370129983,0.009429145
3389,3425.9637465480046,0.009430144
3390,3426.24529934,0.009429725
3391,3426.5253515250006,0.00942865
3392,3426.806324006,0.00942809
3393,3427.0872530940032,0.009428838
3394,3427.368845463003,0.009429713
3395,3427.648856163003,0.009428975
3396,3427.9314460759997,0.00942781
3397,3428.2128391270016,0.009427298
3398,3428.494701386,0.009426823
3399,3428.774769307005,0.009426246
3400,3429.0563669210023,0.00942495
3401,3429.3392257700034,0.009422696
3402,3429.620754718999,0.00942003
3403,3429.902287007004,0.009418234
3404,3430.184986115004,0.009419404
3405,3430.4656057360044,0.009422836
3406,3430.747299194998,0.009424911
3407,3431.030517102001,0.009425016
3408,3431.3109169009986,0.00942494
3409,3431.593441486999,0.009425001
3410,3512.188458919998,0.009426691
3411,3512.4768056870016,0.009430647
3412,3512.7596244820015,0.009434534
3413,3513.041761876004,0.009436437
3414,3513.322698593998,0.009436714
3415,3513.604559422005,0.009436859
3416,3513.8854331969997,0.009436123
3417,3514.165893078003,0.009433747
3418,3514.447206021003,0.009430971
3419,3514.7279267320046,0.00942905
3420,3515.010130406001,0.009428722
3421,3515.289872647001,0.009429552
3422,3515.571871758002,0.009430497
3423,3515.855891705003,0.009431283
3424,3516.136980534,0.009431962
3425,3516.418336868999,0.009432201
3426,3516.700159550004,0.009432207
3427,3516.981605052999,0.009432565
3428,3517.2612524040014,0.009433342
3429,3517.5417571069993,0.009433691
3430,3517.822902202999,0.009433164
3431,3518.107081414004,0.009432565
3432,3518.393290519998,0.009431684
3433,3518.6779260640033,0.00943057
3434,3518.960052014001,0.009429809
3435,3519.2430877689985,0.009429805
3436,3519.524923802004,0.009430938
3437,3519.806210995004,0.0094315
3438,3520.0888128290026,0.009430858
3439,3520.3707637789994,0.009431167
3440,3520.651685238001,0.009432868
3441,3520.9335432060034,0.009435143
3442,3521.2150235180015,0.009437829
3443,3521.4968190200016,0.009439832
3444,3521.7772521980005,0.009438544
3445,3522.057752133005,0.009433057
3446,3522.3394932750016,0.009426564
3447,3522.622122765002,0.009421996
3448,3522.9044466019986,0.00941873
3449,3523.1864042290035,0.009415117
3450,3523.465215682998,0.009412298
3451,3523.747779846999,0.009412205
3452,3524.0280528069998,0.009413646
3453,3524.3092007640007,0.009413796
3454,3524.5914316179988,0.009411191
3455,3524.873122693003,0.009407012
3456,3525.1552190790026,0.009403237
3457,3525.4383602150046,0.009400336
3458,3525.7189064030026,0.009398602
3459,3525.9983978279997,0.009398712
3460,3526.2791562089988,0.009399575
3461,3526.559552669998,0.009399448
3462,3526.843793869004,0.009399507
3463,3527.124872207998,0.009400665
3464,3527.4071269039996,0.009400737
3465,3527.6894578940046,0.009398626
3466,3527.9708824160043,0.009395833
3467,3528.251951695005,0.009394499
3468,3528.5339546210016,0.009395052
3469,3528.8158364300034,0.009396001
3470,3529.0978498460026,0.009395899
3471,3529.379688740002,0.009393848
3472,3529.6619129190003,0.009391064
3473,3529.9439344409984,0.009390494
3474,3530.2253198629987,0.009392526
3475,3530.504980565005,0.0093954
3476,3530.786624432003,0.00939833
3477,3531.067342759001,0.009402248
3478,3531.348963261,0.009407039
3479,3531.628137589003,0.009410584
3480,3531.909346104003,0.00941336
3481,3532.191125393001,0.009417341
3482,3532.4714159970026,0.009421772
3483,3532.7532305720015,0.009424215
3484,3533.0345621110027,0.009423836
3485,3533.316698552,0.009421114
3486,3533.596901417004,0.009417189
3487,3533.8788700110017,0.009414316
3488,3534.161482335003,0.009412671
3489,3534.442885399003,0.009411881
3490,3534.723599434001,0.009411841
3491,3535.0059866910015,0.00941198
3492,3535.287308693005,0.009412323
3493,3535.568107129002,0.009411945
3494,3535.847774982998,0.009410228
3495,3536.1296410569994,0.009408396
3496,3536.410348893005,0.009407749
3497,3536.692630768004,0.009408244
3498,3536.973757744003,0.009408784
3499,3537.255449772005,0.009408236
3500,3537.5366911890014,0.009406904
3501,3537.8186974530036,0.009405469
3502,3538.100557327998,0.009403942
3503,3538.3822083480045,0.009403491
3504,3538.6633605960014,0.009404475
3505,3538.9433488850045,0.009405842
3506,3539.226361275003,0.009406008
3507,3539.507161141002,0.009403138
3508,3539.7893714910024,0.009397989
3509,3540.071270943001,0.009392698
3510,3540.351058484004,0.009387223
3511,3540.6328973769996,0.009381473
3512,3540.913645268003,0.009377006
3513,3541.193895340002,0.009374545
3514,3541.475507736999,0.009374206
3515,3541.7553143510013,0.009375368
3516,3542.037102223003,0.009376866
3517,3542.320020676001,0.009377628
3518,3542.604132653003,0.009376441
3519,3542.8845582010035,0.009374394
3520,3623.4980173119984,0.009374376
3521,3623.778906823005,0.009377437
3522,3624.060110093,0.009381213
3523,3624.3431048400016,0.009383543
3524,3624.6246385580016,0.009384568
3525,3624.9067754749994,0.009384401
3526,3625.187390805004,0.009384103
3527,3625.468912602002,0.009383728
3528,3625.750121117002,0.009382329
3529,3626.0319614420005,0.009380703
3530,3626.3129749299987,0.009378724
3531,3626.5949587830037,0.009376218
3532,3626.8753614430025,0.009373422
3533,3627.1557164199985,0.009370091
3534,3627.4378037460046,0.009367137
3535,3627.720618725005,0.009364158
3536,3628.002861023,0.009360292
3537,3628.282433033004,0.009357381
3538,3628.5640506749987,0.009356024
3539,3628.8446545609986,0.009355418
3540,3629.1253833779992,0.009356252
3541,3629.4057641030013,0.009358284
3542,3629.685682774005,0.009359821
3543,3629.9656972890007,0.009359803
3544,3630.246656895004,0.00935837
3545,3630.5282368660046,0.00935605
3546,3630.808011055,0.009352902
3547,3631.094554424999,0.00934966
3548,3631.3754620559994,0.009346878
3549,3631.658026696001,0.009345093
3550,3631.9407634739982,0.009345776
3551,3632.2218799600014,0.009348106
3552,3632.5021066670015,0.009349904
3553,3632.7827687270037,0.009349519
3554,3633.0644121170044,0.009346771
3555,3633.346354961999,0.00934357
3556,3633.6268191339987,0.009341495
3557,3633.9098196030027,0.009341306
3558,3634.192373276004,0.009343229
3559,3634.474145412998,0.009346992
3560,3634.7547307019995,0.009350791
3561,3635.036450863001,0.009352089
3562,3635.316721916999,0.00935097
3563,3635.596477031999,0.009349767
3564,3635.877009869,0.009349255
3565,3636.1576719290024,0.009349252
3566,3636.438890934005,0.009349975
3567,3636.7198705679984,0.009350698
3568,3637.0008034710045,0.009351887
3569,3637.2826414110023,0.009354504
3570,3637.563611508005,0.009357269
3571,3637.8524708750047,0.009358635
3572,3638.1344428070006,0.009358932
3573,3638.4150600440043,0.00935932
3574,3638.7000379570018,0.009360411
3575,3638.982003212004,0.009362264
3576,3639.266146660004,0.00936543
3577,3639.5485839850007,0.009368665
3578,3639.829273701005,0.00936991
3579,3640.1111278540047,0.009369871
3580,3640.3920569420006,0.009369778
3581,3640.674059391,0.009371003
3582,3640.9552936559994,0.009373974
3583,3641.2354979520023,0.009376662
3584,3641.5162591940025,0.009378071
3585,3641.7977337839984,0.009379236
3586,3642.0791988380006,0.009381784
3587,3642.3615355500006,0.009385333
3588,3642.643028737002,0.009388483
3589,3642.9234910020023,0.009391388
3590,3643.204370498999,0.00939419
3591,3643.4839792260027,0.009396769
3592,3643.7642688760025,0.009398641
3593,3644.047131062005,0.009399266
3594,3644.327741623005,0.009398312
3595,3644.609030724001,0.009395514
3596,3644.890191079001,0.009391999
3597,3645.1706328400032,0.009388016
3598,3645.4515347490014,0.009383183
3599,3645.732488155998,0.009378529
3600,3646.0127692230017,0.009374882
3601,3646.294639587999,0.009372435
3602,3646.5768046380035,0.009371545
3603,3646.8576397900033,0.009372013
3604,3647.1378889090047,0.009373262
3605,3647.418248177004,0.009375594
3606,3647.700005055005,0.009378531
3607,3647.9821319580005,0.00938057
3608,3648.262627602002,0.009381603
3609,3648.543083190998,0.009381754
3610,3648.8263306619992,0.009380245
3611,3649.107431412005,0.009378092
3612,3649.3872871400017,0.009376409
3613,3649.669523716002,0.009375131
3614,3649.9503087999983,0.009374428
3615,3650.234135151004,0.009372991
3616,3650.5161652570023,0.009370107
3617,3650.7979474070016,0.009367594
3618,3651.0827713020044,0.009367076
3619,3651.3632431029982,0.009367032
3620,3651.6446104050046,0.009364937
3621,3651.9268946650045,0.009362002
3622,3652.208525658003,0.009361195
3623,3652.489967346999,0.009363349
3624,3652.771650792005,0.00936683
3625,3653.052907467005,0.009369533
3626,3653.333649635999,0.009371523
3627,3653.613530636001,0.009373936
3628,3653.893686772004,0.009375418
3629,3654.174456120003,0.009373809
3630,3734.5003881459998,0.009371495
3631,3734.78194809,0.009373734
3632,3735.063480853998,0.00938076
3633,3735.3466062549996,0.009388461
3634,3735.627793313004,0.00939434
3635,3735.9090108880046,0.009397655
3636,3736.189873219002,0.009398759
3637,3736.4706101420015,0.009398644
3638,3736.7513432510023,0.009397949
3639,3737.0341558459986,0.009396934
3640,3737.3154206280014,0.009394736
3641,3737.596149445002,0.0093909
3642,3737.8769993790047,0.009386216
3643,3738.157353401999,0.009381245
3644,3738.438417434998,0.009377168
3645,3738.7183089259997,0.009375295
3646,3738.999349595004,0.00937543
3647,3739.279777527001,0.009376234
3648,3739.5611152650017,0.009376477
3649,3739.843021393004,0.009375562
3650,3740.123891354,0.009373331
3651,3740.410213948002,0.009370341
3652,3740.6926894190037,0.009367217
3653,3740.973244667999,0.009363822
3654,3741.2545228009985,0.00936109
3655,3741.5350055700037,0.00936021
3656,3741.8166151050027,0.009359954
3657,3742.0989737519994,0.009360072
3658,3742.3807058340026,0.009360965
3659,3742.6617269519993,0.009361307
3660,3742.9423613550025,0.009362366
3661,3743.2227754600026,0.009365708
3662,3743.503198147002,0.009370169
3663,3743.784491063001,0.009373976
3664,3744.06382227,0.009374988
3665,3744.344726563002,0.009374218
3666,3744.624424458001,0.009372876
3667,3744.9059996610013,0.009369882
3668,3745.185772896002,0.009367035
3669,3745.466428757005,0.009366299
3670,3745.7463188180045,0.009366822
3671,3746.0282216080013,0.009366102
3672,3746.308946133002,0.009363372
3673,3746.590871335,0.009361088
3674,3746.8709716800004,0.009360006
3675,3747.153715610999,0.009358359
3676,3747.434319496999,0.009356812
3677,3747.714558602005,0.009356038
3678,3747.994961262004,0.009355054
3679,3748.276341438999,0.009355614
3680,3748.557538510002,0.009358387
3681,3748.838146687005,0.009361592
3682,3749.118647576004,0.009364124
3683,3749.3987870220008,0.00936473
3684,3749.680158616,0.009362921
3685,3749.9608750350017,0.009360207
3686,3750.2418327339983,0.009358267
3687,3750.524893284004,0.009356901
3688,3750.806607247003,0.009355114
3689,3751.087790013,0.009353761
3690,3751.3698062900003,0.009353752
3691,3751.651367188002,0.009353212
3692,3751.9310612679983,0.009352059
3693,3752.2122368819983,0.009352426
3694,3752.4932351120005,0.009354122
3695,3752.7734351160034,0.00935585
3696,3753.054611683001,0.00935604
3697,3753.336274624002,0.009354534
3698,3753.6183447840012,0.009353237
3699,3753.8991174699986,0.009351521
3700,3754.1801757819994,0.009348333
3701,3754.461371422003,0.009346393
3702,3754.7421898850007,0.009346775
3703,3755.0239849100035,0.009348242
3704,3755.304971219004,0.009350103
3705,3755.587335586999,0.009351108
3706,3755.8688259129995,0.009350664
3707,3756.1515388490006,0.009348947
3708,3756.4327559480007,0.009346284
3709,3756.713762284002,0.009344206
3710,3756.995314122003,0.009342867
3711,3757.275136948003,0.009341564
3712,3757.556609154002,0.009341316
3713,3757.838270665001,0.009341944
3714,3758.121226310999,0.00934175
3715,3758.4010291099985,0.009341269
3716,3758.6823287010047,0.009341426
3717,3758.9627180099997,0.009340549
3718,3759.2465829850044,0.009339029
3719,3759.5327811250027,0.009339347
3720,3759.8184442519996,0.009340314
3721,3760.102698802999,0.00934087
3722,3760.3856158260023,0.009341616
3723,3760.6670408249993,0.00934185
3724,3760.947658062003,0.009341946
3725,3761.230237484,0.009342783
3726,3761.5113539700033,0.009343638
3727,3761.7920055389986,0.00934293
3728,3762.074792862004,0.009341502
3729,3762.355257988005,0.009340245
3730,3762.638292790005,0.009337039
3731,3762.9192543030003,0.009331675
3732,3763.2003502849984,0.009325745
3733,3763.4812450410027,0.00931981
3734,3763.762970925003,0.009314083
3735,3764.0436487199986,0.009310154
3736,3764.3240995410015,0.009310187
3737,3764.605751038005,0.009312389
3738,3764.887061596004,0.00931367
3739,3765.1676678660006,0.009314186
3740,3845.6979684830003,0.009314771
3741,3845.984446526003,0.009314148
3742,3846.267020226005,0.009311215
3743,3846.54716301,0.009306352
3744,3846.829613686001,0.0093
3745,3847.1113343239995,0.009292918
3746,3847.3933916099995,0.009286308
3747,3847.6744456300003,0.009281693
3748,3847.956000805003,0.009279507
3749,3848.236670971004,0.009279947
3750,3848.5188045510004,0.009283389
3751,3848.800696850005,0.009287693
3752,3849.0812716490036,0.009290655
3753,3849.3622722630025,0.009292213
3754,3849.643235207004,0.0092938
3755,3849.924830437005,0.009296001
3756,3850.206573964002,0.009297097
3757,3850.4876432419987,0.009296173
3758,3850.768930436003,0.009293549
3759,3851.050562381999,0.009290377
3760,3851.331608296001,0.009288335
3761,3851.6113824850036,0.009288232
3762,3851.891243457998,0.009290055
3763,3852.172825813999,0.009291049
3764,3852.4548435219986,0.009288682
3765,3852.7364487650048,0.0092844
3766,3853.0185375220026,0.009279089
3767,3853.2990961079995,0.009273144
3768,3853.580923558002,0.009268742
3769,3853.861467362003,0.009266791
3770,3854.143828869004,0.009265564
3771,3854.425735474004,0.00926305
3772,3854.706700802002,0.00926025
3773,3854.9897599219985,0.009260368
3774,3855.272806645,0.009264558
3775,3855.55650282,0.009269838
3776,3855.8376793870048,0.009273277
3777,3856.1210837370018,0.009274632
3778,3856.4008555420005,0.009274421
3779,3856.682300091001,0.00927403
3780,3856.9647245410015,0.009273215
3781,3857.245274067005,0.009271461
3782,3857.5247688300005,0.009270624
3783,3857.8040695200034,0.009270879
3784,3858.085682869001,0.009270676
3785,3858.3673834810033,0.009270368
3786,3858.6490440370035,0.009271443
3787,3858.9321603780045,0.009273932
3788,3859.2142400750017,0.009276655
3789,3859.494954586,0.009279128
3790,3859.776573658004,0.009281242
3791,3860.0585751539984,0.009282042
3792,3860.3395466810034,0.009281027
3793,3860.6211314210013,0.009280025
3794,3860.906565666999,0.009280088
3795,3861.1890916830016,0.009280324
3796,3861.4717488290044,0.009280919
3797,3861.7529277810027,0.009282788
3798,3862.034379483004,0.00928589
3799,3862.3169646270035,0.009288791
3800,3862.5981488230027,0.009290066
3801,3862.878656865003,0.009289784
3802,3863.1597261429997,0.009288464
3803,3863.4407343870043,0.009285581
3804,3863.7227311140014,0.009280736
3805,3864.004868985001,0.009276215
3806,3864.2860593799996,0.009274607
3807,3864.568029881004,0.009275607
3808,3864.850683690005,0.009277681
3809,3865.132471085002,0.009279028
3810,3865.4151320460005,0.009280103
3811,3865.6973409659986,0.009282767
3812,3865.981594085999,0.009284955
3813,3866.2654671670025,0.009284505
3814,3866.5467805869994,0.009282718
3815,3866.8288774489993,0.009281327
3816,3867.109582901001,0.009281099
3817,3867.3908762940046,0.009280806
3818,3867.6727781299996,0.009279463
3819,3867.955256939,0.009277774
3820,3868.237074376004,0.009275208
3821,3868.521366120003,0.009272667
3822,3868.8027830130013,0.009271217
3823,3869.082962512999,0.009269233
3824,3869.3644142160047,0.009267346
3825,3869.645854950002,0.009266685
3826,3869.9266400339984,0.009265753
3827,3870.208667756,0.009264524
3828,3870.4892530450015,0.009263984
3829,3870.7709012039995,0.009263923
3830,3871.0567774779993,0.009263837
3831,3871.3374013909997,0.009263165
3832,3871.6215996750034,0.009261673
3833,3871.903809547999,0.009261943
3834,3872.1845307350013,0.009266069
3835,3872.469006062005,0.009270483
3836,3872.7506222730008,0.009272627
3837,3873.0312991149985,0.00927433
3838,3873.314249515999,0.009275378
3839,3873.5962200170034,0.009274587
3840,3873.8779759410027,0.009273073
3841,3874.1595082290005,0.009271812
3842,3874.4406819350042,0.00927018
3843,3874.7225136760026,0.009267846
3844,3875.0033879280018,0.009266425
3845,3875.284595967001,0.009267212
3846,3875.565820693999,0.009267709
3847,3875.8477807050003,0.009266052
3848,3876.1302480700033,0.009265239
3849,3876.4119114880014,0.009266898
3850,3956.784286023001,0.009269578
3851,3957.0688242920005,0.00927217
3852,3957.3525505069993,0.009273678
3853,3957.632457257001,0.009274393
3854,3957.9130105980003,0.00927648
3855,3958.1939663890007,0.009279772
3856,3958.475455284999,0.009282353
3857,3958.756726742002,0.009284154
3858,3959.037463189001,0.009283574
3859,3959.318639279001,0.009279387
3860,3959.600181103,0.009274005
3861,3959.8812346460036,0.0092691
3862,3960.162475586003,0.009264869
3863,3960.447962760998,0.009261806
3864,3960.7286787039993,0.009260732
3865,3961.010435105003,0.009261891
3866,3961.2902216920047,0.009265015
3867,3961.570272445999,0.009268782
3868,3961.851258278002,0.009271683
3869,3962.132661342999,0.009274106
3870,3962.4136266710047,0.009277037
3871,3962.6940751080037,0.009280162
3872,3962.974634171005,0.009281554
3873,3963.2553548819997,0.009280341
3874,3963.535959244,0.009278355
3875,3963.815959931002,0.009277277
3876,3964.096827031004,0.009276389
3877,3964.376330375999,0.009274688
3878,3964.657227517004,0.009274031
3879,3964.937805653004,0.00927606
3880,3965.219656467998,0.009278644
3881,3965.502133369999,0.009280295
3882,3965.782328606001,0.00928219
3883,3966.063104630004,0.009284686
3884,3966.344307899999,0.009286456
3885,3966.624681473004,0.009286069
3886,3966.906163216001,0.009284555
3887,3967.1884169580007,0.009284304
3888,3967.470321179004,0.009285616
3889,3967.751083850999,0.009288137
3890,3968.031266689999,0.009292238
3891,3968.3116931920013,0.009297049
3892,3968.592854499999,0.009299752
3893,3968.874727250004,0.009299225
3894,3969.155721187999,0.009297244
3895,3969.4379181870027,0.009294419
3896,3969.720740319004,0.009290436
3897,3970.001735211001,0.009286618
3898,3970.282949448003,0.009284028
3899,3970.562901974001,0.009281567
3900,3970.842743396999,0.009278797
3901,3971.123281003005,0.0092769
3902,3971.4033074379986,0.009276077
3903,3971.685511112999,0.009275972
3904,3971.9659285550006,0.009276623
3905,3972.2467265130035,0.009277813
3906,3972.5300340660033,0.009279123
3907,3972.8110804559983,0.009280558
3908,3973.0921916970037,0.009283185
3909,3973.3729457860027,0.009286845
3910,3973.6539835930016,0.009290853
3911,3973.935437680004,0.009294481
3912,3974.2166671759987,0.009296074
3913,3974.4989705090047,0.009296368
3914,3974.778831481999,0.009297021
3915,3975.0607275970033,0.009297468
3916,3975.3438234330024,0.009296518
3917,3975.6252813340034,0.009294108
3918,3975.906503201004,0.009291845
3919,3976.1889595989996,0.009290668
3920,3976.469942570002,0.009290693
3921,3976.7514262199984,0.009292394
3922,3977.0331897740034,0.009293621
3923,3977.313979626,0.009292025
3924,3977.596755505001,0.009289678
3925,3977.876778126003,0.009289195
3926,3978.157279015002,0.009291122
3927,3978.437635899005,0.009294695
3928,3978.718039512998,0.009298112
3929,3979.0003533370036,0.009301483
3930,3979.281825543003,0.009304547
3931,3979.562116623005,0.009304836
3932,3979.843760968004,0.009302625
3933,3980.1253891000015,0.009299869
3934,3980.405815124999,0.009297768
3935,3980.6861524589985,0.009295756
3936,3980.967160701999,0.009292806
3937,3981.247498513003,0.009290067
3938,3981.530061245001,0.009287958
3939,3981.812141896,0.009286124
3940,3982.0947704319988,0.009284181
3941,3982.378292084002,0.009281735
3942,3982.6588869100015,0.009279663
3943,3982.9406132700024,0.009278992
3944,3983.2212147719983,0.009278943
3945,3983.501779080005,0.00927831
3946,3983.7819447520014,0.009277554
3947,3984.062954902998,0.009277123
3948,3984.3446774490003,0.009278047
3949,3984.624927998004,0.009280923
3950,3984.906138421,0.009284115
3951,3985.187932968998,0.00928633
3952,3985.46890688,0.00928585
3953,3985.7505679140013,0.009282922
3954,3986.032309056005,0.009281499
3955,3986.3138904580046,0.009283342
3956,3986.595592499005,0.00928698
3957,3986.882747651005,0.009290075
3958,3987.1649127010023,0.00929156
3959,3987.446575642003,0.009291935
3960,4067.778819085004,0.009290431
3961,4068.0596551900016,0.009286718
3962,4068.3401241309984,0.00928249
3963,4068.622118473999,0.00927882
3964,4068.9048719409984,0.009275416
3965,4069.188406467998,0.009272146
3966,4069.470577240005,0.009268444
3967,4069.752687455002,0.009264724
3968,4070.0338592530024,0.009263002
3969,4070.31648922,0.009262234
3970,4070.5981569290016,0.009259787
3971,4070.8799386030005,0.009257191
3972,4071.1604499820023,0.009256226
3973,4071.441823483001,0.009255214
3974,4071.722913743004,0.009253341
3975,4072.003158569998,0.009250053
3976,4072.284157277005,0.009244247
3977,4072.5666933059983,0.009237924
3978,4072.848136902001,0.009234114
3979,4073.1285443310044,0.009232755
3980,4073.4098176960033,0.009231618
3981,4073.6901674280016,0.009231028
3982,4073.975026608001,0.009232475
3983,4074.257083893004,0.009233323
3984,4074.536427021005,0.009231289
3985,4074.820195199005,0.00922842
3986,4075.102293492004,0.009225864
3987,4075.382268428999,0.009222968
3988,4075.6633377079997,0.009220028
3989,4075.9448046690013,0.009217222
3990,4076.2272315029986,0.00921376
3991,4076.508128166999,0.009210253
3992,4076.7900195129987,0.009208582
3993,4077.069877148002,0.009207742
3994,4077.3505606660037,0.009206335
3995,4077.632653714005,0.009205799
3996,4077.912878991003,0.009206518
3997,4078.1931395540014,0.009206989
3998,4078.4741306310025,0.009207602
3999,4078.7541508680006,0.009209688
4000,4079.0361166010043,0.009212195
4001,4079.3159894950004,0.009213544
4002,4079.595668793001,0.009213547
4003,4079.8770513540003,0.009212139
4004,4080.1584057810032,0.009209508
4005,4080.4391632080005,0.00920629
4006,4080.722676754005,0.009202494
4007,4081.002350808005,0.009198876
4008,4081.2837061890023,0.009197103
4009,4081.5640516290005,0.009197101
4010,4081.845335484002,0.009198203
4011,4082.1266179090017,0.009200298
4012,4082.408503532999,0.009202806
4013,4082.689723014999,0.009205355
4014,4082.9699239740003,0.009207979
4015,4083.250796319,0.009210071
4016,4083.5308365829987,0.009209771
4017,4083.812373162,0.009207377
4018,4084.093846322001,0.00920563
4019,4084.3744292260017,0.009205084
4020,4084.6566767699987,0.00920528
4021,4084.9367303850013,0.009205766
4022,4085.2172050480003,0.009206261
4023,4085.499269963002,0.009206402
4024,4085.7794022560047,0.009205709
4025,4086.0606670380002,0.009204624
4026,4086.3431391720005,0.009204042
4027,4086.624650001999,0.009204828
4028,4086.907004834,0.009206139
4029,4087.189270020004,0.009206345
4030,4087.468895913,0.009205721
4031,4087.750454426001,0.009205472
4032,4088.032022477004,0.009205192
4033,4088.3127555850006,0.009203239
4034,4088.594313622001,0.009200062
4035,4088.8748822220005,0.009198461
4036,4089.1568856240046,0.009199296
4037,4089.4370117190047,0.009200091
4038,4089.7179312709995,0.00919948
4039,4089.998768807003,0.009199302
4040,4090.280737401001,0.009200655
4041,4090.5617856980025,0.009202559
4042,4090.8416943550037,0.009204569
4043,4091.122509480003,0.009207404
4044,4091.4031071670033,0.00920969
4045,4091.684461117002,0.009209468
4046,4091.965211392002,0.009209358
4047,4092.246154309003,0.00921132
4048,4092.526752472004,0.009213059
4049,4092.812666892998,0.009212863
4050,4093.092436314,0.009211359
4051,4093.3710627559994,0.009210055
4052,4093.652350426004,0.009209635
4053,4093.933683396004,0.009209782
4054,4094.2147865299994,0.009209544
4055,4094.4966492660024,0.009208605
4056,4094.7770066270023,0.009207231
4057,4095.0592088699996,0.009205157
4058,4095.3420438770045,0.009202674
4059,4095.623457432004,0.009200834
4060,4095.9040689469984,0.009199354
4061,4096.184961318999,0.009197814
4062,4096.468471051005,0.009196814
4063,4096.747963428999,0.009196017
4064,4097.028720378999,0.009195335
4065,4097.309676171004,0.009195251
4066,4097.5911321640015,0.009195699
4067,4097.871472835999,0.009195584
4068,4098.153183938004,0.009194222
4069,4098.437242985005,0.009192328
4070,4178.733040810002,0.009192451
4071,4179.015084267005,0.009197485
4072,4179.297342301004,0.009205534
4073,4179.579062939003,0.009212229
4074,4179.859067917001,0.009215156
4075,4180.139572621003,0.009214808
4076,4180.420617103999,0.009213171
4077,4180.702033043002,0.009210697
4078,4180.982584477002,0.009207366
4079,4181.264272213004,0.009203451
4080,4181.545906544001,0.009198918
4081,4181.833145618999,0.009194531
4082,4182.113532067,0.009190305
4083,4182.399776935999,0.009186295
4084,4182.6828036310035,0.009183209
4085,4182.964221478003,0.009180183
4086,4183.247525216,0.00917589
4087,4183.528328895998,0.009170276
4088,4183.808317185001,0.009165809
4089,4184.089734077999,0.009164169
4090,4184.370657921005,0.009164881
4091,4184.652346611001,0.009166999
4092,4184.932898999003,0.009168863
4093,4185.213227272005,0.009169833
4094,4185.494341374004,0.009170188
4095,4185.775206566002,0.009169092
4096,4186.0563797959985,0.009166056
4097,4186.335815907005,0.009163209
4098,4186.615849495,0.009162623
4099,4186.896817685003,0.009164222
4100,4187.177872658001,0.009165858
4101,4187.458446026001,0.009166734
4102,4187.7407751089995,0.009169727
4103,4188.022280694,0.009175445
4104,4188.3057527550045,0.00918047
4105,4188.585756302004,0.009182668
4106,4188.865420342001,0.009182473
4107,4189.146400928999,0.009180316
4108,4189.428473473003,0.009177047
4109,4189.708648682004,0.009174277
4110,4189.990207196002,0.009171893
4111,4190.271419526005,0.009170391
4112,4190.553124427999,0.00917123
4113,4190.834379673004,0.009173099
4114,4191.115592003,0.009174852
4115,4191.396279335,0.009177272
4116,4191.674634456998,0.009179875
4117,4191.956877709003,0.00918133
4118,4192.238518714999,0.009180909
4119,4192.518841744,0.009178325
4120,4192.800525188999,0.009174617
4121,4193.082205295999,0.009171305
4122,4193.363142014001,0.00916957
4123,4193.644534111001,0.009168549
4124,4193.925973893005,0.009166244
4125,4194.207888126999,0.00916401
4126,4194.4892749790015,0.009162886
4127,4194.770108700002,0.009161369
4128,4195.051171780004,0.009159673
4129,4195.333392143999,0.009157784
4130,4195.613655567999,0.009154904
4131,4195.894790172999,0.009151838
4132,4196.176632405004,0.009149744
4133,4196.456768513002,0.00914968
4134,4196.7391481400045,0.009151601
4135,4197.020461083004,0.009154385
4136,4197.2995104790025,0.00915712
4137,4197.580525399004,0.009159185
4138,4197.861231804003,0.009160751
4139,4198.142920495004,0.009161149
4140,4198.422712327003,0.009159738
4141,4198.7045497900035,0.009158315
4142,4198.986143113005,0.009158975
4143,4199.268815995005,0.009161409
4144,4199.549035550001,0.009163178
4145,4199.829420089998,0.009163578
4146,4200.110139370001,0.009163999
4147,4200.392914772005,0.009164702
4148,4200.675124169,0.009165711
4149,4200.956773758,0.009167438
4150,4201.238048553998,0.009169692
4151,4201.520048619001,0.009172603
4152,4201.801620007005,0.009175351
4153,4202.083725930002,0.009176072
4154,4202.365617276002,0.009174951
4155,4202.645523548999,0.009174637
4156,4202.926347733002,0.009175937
4157,4203.208511830002,0.009177662
4158,4203.489578724002,0.009178816
4159,4203.771068572998,0.009178035
4160,4204.051677704003,0.009176421
4161,4204.334416390004,0.009176738
4162,4204.6161894800025,0.009179918
4163,4204.8964314469995,0.009184819
4164,4205.178222656999,0.009189122
4165,4205.459067822005,0.009191373
4166,4205.74076891,0.009191837
4167,4206.020501136998,0.009191766
4168,4206.306610108004,0.009191678
4169,4206.587811470003,0.009192708
4170,4206.869681836004,0.009195643
4171,4207.151560307,0.00919885
4172,4207.432608128001,0.009200716
4173,4207.7141184810025,0.009200621
4174,4207.996074200004,0.009199072
4175,4208.275797367998,0.009196286
4176,4208.556911469001,0.009192115
4177,4208.839756489004,0.009189364
4178,4209.121675492002,0.009190819
4179,4209.403814793004,0.009195278
4180,4289.698427201001,0.009198431
4181,4289.980530262001,0.009195426
4182,4290.261329175002,0.009185862
4183,4290.543218136001,0.009173476
4184,4290.825527191999,0.009161688
4185,4291.106542111003,0.009152834
4186,4291.385138512,0.00914796
4187,4291.666530610004,0.00914501
4188,4291.948524476,0.009141477
4189,4292.229291440002,0.009137556
4190,4292.510828972001,0.009134603
4191,4292.791586876003,0.009133902
4192,4293.073278904005,0.00913472
4193,4293.352688790001,0.009134404
4194,4293.632668972001,0.009131937
4195,4293.913549901001,0.009128941
4196,4294.1969933510045,0.009127055
4197,4294.478507995998,0.00912593
4198,4294.759062767,0.009124956
4199,4295.041525364002,0.00912461
4200,4295.321608544,0.009124771
4201,4295.603727818001,0.009125513
4202,4295.884138585003,0.009126984
4203,4296.166594029004,0.00912826
4204,4296.448866368002,0.009128838
4205,4296.730379105,0.009129089
4206,4297.010403633998,0.0091311
4207,4297.291775704005,0.009135795
4208,4297.572842122005,0.009140395
4209,4297.852704049001,0.00914197
4210,4298.134048462001,0.009139976
4211,4298.4148373610005,0.009137071
4212,4298.696473599004,0.009135408
4213,4298.979965210005,0.009134311
4214,4299.261956692004,0.009134023
4215,4299.542914868005,0.009135685
4216,4299.825023174999,0.009138394
4217,4300.107218265999,0.009140505
4218,4300.389196396005,0.009141845
4219,4300.670956612004,0.009142263
4220,4300.953907013005,0.009141723
4221,4301.235394478004,0.009141515
4222,4301.517475129003,0.009141803
4223,4301.797723294003,0.009141198
4224,4302.077615262002,0.009138904
4225,4302.367621899,0.009137058
4226,4302.654623508999,0.009138792
4227,4302.94663477,0.009142939
4228,4303.240636825998,0.009145456
4229,4303.529676915001,0.00914627
4230,4303.8141698840045,0.009147551
4231,4304.095086574998,0.009148477
4232,4304.376211644005,0.009148485
4233,4304.656022071998,0.009147474
4234,4304.937624932005,0.009144964
4235,4305.221233368,0.009142643
4236,4305.502862931004,0.009142515
4237,4305.788504601005,0.009144646
4238,4306.069721222004,0.009148825
4239,4306.352066517,0.009154907
4240,4306.633326531002,0.009160896
4241,4306.9149737359985,0.009164531
4242,4307.197186470003,0.009165763
4243,4307.477847577,0.009165657
4244,4307.759455681,0.009164219
4245,4308.040141582998,0.009161892
4246,4308.325307370003,0.009161065
4247,4308.606700420998,0.00916211
4248,4308.888762474999,0.009163063
4249,4309.1696705819995,0.009163568
4250,4309.449529648002,0.009163651
4251,4309.732369900004,0.009162581
4252,4310.012177468001,0.009161226
4253,4310.293947696999,0.009161255
4254,4310.574167728999,0.009163051
4255,4310.854965687002,0.009166018
4256,4311.137043477,0.009169411
4257,4311.417840481001,0.009172238
4258,4311.699419021999,0.009173501
4259,4311.980080605004,0.009172247
4260,4312.262259961004,0.009168388
4261,4312.545122146999,0.009164744
4262,4312.8281202319995,0.009163395
4263,4313.109045983001,0.009162852
4264,4313.391655446001,0.00916175
4265,4313.672430993,0.009159929
4266,4313.953775883005,0.009158545
4267,4314.2332186700005,0.009159028
4268,4314.512776852003,0.009161166
4269,4314.794757843003,0.009163939
4270,4315.0755071640015,0.009166317
4271,4315.3560423860035,0.009167275
4272,4315.639797210999,0.009165696
4273,4315.920955182002,0.009161772
4274,4316.202315331,0.009158078
4275,4316.482909680002,0.009157438
4276,4316.765272618002,0.009161178
4277,4317.046952247998,0.00916839
4278,4317.328204155005,0.009176963
4279,4317.609042167998,0.009185052
4280,4317.888872624004,0.009190743
4281,4318.171092034005,0.009192527
4282,4318.452502728003,0.009190302
4283,4318.732369423,0.009185796
4284,4319.0119976999995,0.009181576
4285,4319.293508053001,0.009178558
4286,4319.574412346003,0.009177528
4287,4319.854759217,0.009179696
4288,4320.135898591005,0.009183172
4289,4320.417908668998,0.009185425
4290,4401.212164878998,0.00928989
4291,4401.494134427005,0.00963274
4292,4401.796162605999,0.01013189
4293,4402.078172684,0.010611626
4294,4402.358139039003,0.010986682
4295,4402.639142514003,0.011233419
4296,4402.9201841360045,0.011364953
4297,4403.208696843001,0.011408083
4298,4403.489704133004,0.011390176
4299,4403.773702621998,0.011335871
4300,4404.059708118999,0.011264303
4301,4404.393715382001,0.011188784
4302,4404.683715343999,0.011117184
4303,4404.974715709999,0.011055412
4304,4405.2587180140035,0.01100716
4305,4405.549719811002,0.010970622
4306,4405.832720757004,0.010942473
4307,4406.120722293999,0.010918859
4308,4406.403727532001,0.010896153
4309,4406.687729836005,0.010872868
4310,4406.966729165004,0.010848221
4311,4407.247731686002,0.010822597
4312,4407.533735753001,0.010796606
4313,4407.817739487,0.010769754
4314,4408.105743886001,0.010740813
4315,4408.404741288003,0.010710112
4316,4408.686747075,0.010680432
4317,4408.974677086,0.010654778
4318,4409.263506413001,0.010633844
4319,4409.548441411003,0.010616858
4320,4409.834096908999,0.010606974
4321,4410.116108895003,0.010609888
4322,4410.406154633005,0.010626989
4323,4410.694718361003,0.010654685
4324,4410.987313748003,0.010687891
4325,4411.277530193998,0.010721977
4326,4411.560945988,0.010754582
4327,4411.850215434999,0.01078329
4328,4412.139729499999,0.010802428
4329,4412.427239895005,0.010807592
4330,4412.7094864850005,0.010799349
4331,4412.997691155004,0.010780976
4332,4413.2820796970045,0.010754793
4333,4413.564879894999,0.010722111
4334,4413.8449339869985,0.010684708
4335,4414.126933575004,0.010644793
4336,4414.407939911005,0.010606174
4337,4414.6921877870045,0.010573907
4338,4414.984028340004,0.010550506
4339,4415.273162842001,0.010534914
4340,4415.555294514001,0.010525917
4341,4415.848370553002,0.010522887
4342,4416.1367416389985,0.010522647
4343,4416.426544189999,0.010521671
4344,4416.713136673003,0.010520406
4345,4417.000352383002,0.010519432
4346,4417.2912516600045,0.010516767
4347,4417.574563504,0.010513229
4348,4417.858059407001,0.01051364
4349,4418.1450786600035,0.010521907
4350,4418.433804512002,0.010537427
4351,4418.725413799999,0.010555355
4352,4419.008669376999,0.010571982
4353,4419.301199437003,0.010587685
4354,4419.588427544004,0.010604834
4355,4419.880259037003,0.010627894
4356,4420.169387818001,0.010657728
4357,4420.458525658003,0.010690592
4358,4420.743528842999,0.010724385
4359,4421.028898716002,0.010755998
4360,4421.318502426999,0.010781046
4361,4421.602223397,0.010796647
4362,4421.893476486999,0.010802337
4363,4422.181225777,0.010800889
4364,4422.465393067003,0.010796599
4365,4422.749836922005,0.010793496
4366,4423.030379296004,0.010795689
4367,4423.322143078003,0.010804898
4368,4423.608683587001,0.010818319
4369,4423.889492989001,0.010833784
4370,4424.177843094003,0.010851537
4371,4424.463470936003,0.010872252
4372,4424.749110222001,0.010898472
4373,4425.032370091001,0.010933782
4374,4425.317520618999,0.010977376
4375,4425.6005206109985,0.011024662
4376,4425.883341790002,0.011072108
4377,4426.166547776003,0.011117929
4378,4426.450860024001,0.0111593
4379,4426.738502503002,0.011191966
4380,4427.023179532,0.011213471
4381,4427.305377960998,0.011224342
4382,4427.602411747001,0.011227952
4383,4427.884600163001,0.011227321
4384,4428.165971756003,0.011224222
4385,4428.446017743001,0.01122039
4386,4428.727987767001,0.011215852
4387,4429.008987426998,0.011209731
4388,4429.301992417,0.011201704
4389,4429.584995270001,0.011191565
4390,4429.867002488005,0.011180566
4391,4430.1580014229985,0.011171644
4392,4430.4450030330045,0.011165853
4393,4430.732001305005,0.011160538
4394,4431.013013363001,0.011152601
4395,4431.302005768004,0.011141777
4396,4431.588052750005,0.011128595
4397,4431.873457432004,0.011113392
4398,4432.160912514002,0.011098179
4399,4432.445391179004,0.011085713
4400,4467.697581291999,0.010571287
